lab.id,site,unique.id,moisture.trt,temp.trt,moisturePercent.gwc,total.dwe.added,cumulativeCO2Flux,Latitude,Longitude,MAT_c,MAP_mm,Elevation_m
1,BART,BART_S_T0_P02,20,15,62.33846894,1.260165314,1.62875882,44.06388,-71.28731,6.2,1325,232
2,BART,BART_S_T0_P08,20,15,65.80955796,1.303694634,4.313619312,44.06388,-71.28731,6.2,1325,232
3,BART,BART_S_T0_P11,20,15,46.98405036,1.248469139,2.435410114,44.06388,-71.28731,6.2,1325,232
4,GRSM,GRSM_S_T0_P20,20,15,32.57625565,1.252720244,3.356645741,35.68896,-83.50195,13.1,1375,579
5,GRSM,GRSM_S_T0_P25,20,15,40.36513191,1.237621891,1.950082281,35.68896,-83.50195,13.1,1375,579
6,GRSM,GRSM_S_T0_P27,20,15,29.47060356,1.248704343,1.398518777,35.68896,-83.50195,13.1,1375,579
7,LENO,LENO_S_T0_P15,20,15,27.17078109,1.246261691,2.412134719,31.85388,-88.16122,18.1,1386,20
8,LENO,LENO_S_T0_P31,20,15,34.46846645,1.244371945,0.897712458,31.85388,-88.16122,18.1,1386,20
9,LENO,LENO_S_T0_P36,20,15,25.34191314,1.238775742,1.89040648,31.85388,-88.16122,18.1,1386,20
10,SERC,SERC_S_T0_P10,20,15,25.26739853,1.257609841,2.170417395,38.89008,-76.56001,13.6,1075,15
11,SERC,SERC_S_T0_P20,20,15,24.55320429,1.248525015,2.290522895,38.89008,-76.56001,13.6,1075,15
12,SERC,SERC_S_T0_P28,20,15,36.15461317,1.251053994,1.740750571,38.89008,-76.56001,13.6,1075,15
13,TALL,TALL_S_T0_P23,20,15,15.47117654,1.264389396,1.524178951,32.95046,-87.39327,17.2,1383,135
14,TALL,TALL_S_T0_P27,20,15,19.36135701,1.25312066,1.867127626,32.95046,-87.39327,17.2,1383,135
15,TALL,TALL_S_T0_P32,20,15,15.10989011,1.256040946,1.345199701,32.95046,-87.39327,17.2,1383,135
16,TREE,TREE_S_T0_P13,20,15,36.94961599,1.257360381,0.827382264,45.49369,-89.58571,4.8,797,472
17,TREE,TREE_S_T0_P19,20,15,23.23692552,1.250851496,2.212671044,45.49369,-89.58571,4.8,797,472
18,TREE,TREE_S_T0_P34,20,15,15.7744852,1.253710548,2.730193803,45.49369,-89.58571,4.8,797,472
19,BART,BART_S_T0_P02,40,15,62.33846894,1.2726187,17.56050591,44.06388,-71.28731,6.2,1325,232
20,BART,BART_S_T0_P08,40,15,65.80955796,1.251206094,21.29333786,44.06388,-71.28731,6.2,1325,232
21,BART,BART_S_T0_P11,40,15,46.98405036,1.261708061,17.69909606,44.06388,-71.28731,6.2,1325,232
22,GRSM,GRSM_S_T0_P20,40,15,32.57625565,1.279517996,16.90076391,35.68896,-83.50195,13.1,1375,579
23,GRSM,GRSM_S_T0_P25,40,15,40.36513191,1.245389609,16.3729365,35.68896,-83.50195,13.1,1375,579
24,GRSM,GRSM_S_T0_P27,40,15,29.47060356,1.239830051,16.34105816,35.68896,-83.50195,13.1,1375,579
25,LENO,LENO_S_T0_P15,40,15,27.17078109,1.251620091,16.60201626,31.85388,-88.16122,18.1,1386,20
26,LENO,LENO_S_T0_P31,40,15,34.46846645,1.254662315,17.6361048,31.85388,-88.16122,18.1,1386,20
27,LENO,LENO_S_T0_P36,40,15,25.34191314,1.264587687,13.61304391,31.85388,-88.16122,18.1,1386,20
28,SERC,SERC_S_T0_P10,40,15,25.26739853,1.253712061,13.79630231,38.89008,-76.56001,13.6,1075,15
29,SERC,SERC_S_T0_P20,40,15,24.55320429,1.243933672,17.00022844,38.89008,-76.56001,13.6,1075,15
30,SERC,SERC_S_T0_P28,40,15,36.15461317,1.263053656,19.7717801,38.89008,-76.56001,13.6,1075,15
31,TALL,TALL_S_T0_P23,40,15,15.47117654,1.255814046,12.3923169,32.95046,-87.39327,17.2,1383,135
32,TALL,TALL_S_T0_P27,40,15,19.36135701,1.264926033,11.7889716,32.95046,-87.39327,17.2,1383,135
33,TALL,TALL_S_T0_P32,40,15,15.10989011,1.244045678,11.96684251,32.95046,-87.39327,17.2,1383,135
34,TREE,TREE_S_T0_P13,40,15,36.94961599,1.258392336,17.33134995,45.49369,-89.58571,4.8,797,472
35,TREE,TREE_S_T0_P19,40,15,23.23692552,1.24703806,14.89839116,45.49369,-89.58571,4.8,797,472
36,TREE,TREE_S_T0_P34,40,15,15.7744852,1.26001291,16.59830004,45.49369,-89.58571,4.8,797,472
37,BART,BART_S_T0_P02,60,15,62.33846894,1.268065941,35.09587846,44.06388,-71.28731,6.2,1325,232
38,BART,BART_S_T0_P08,60,15,65.80955796,1.261030565,28.21966563,44.06388,-71.28731,6.2,1325,232
39,BART,BART_S_T0_P11,60,15,46.98405036,1.261514964,27.75344282,44.06388,-71.28731,6.2,1325,232
40,GRSM,GRSM_S_T0_P20,60,15,32.57625565,1.275656529,27.39775218,35.68896,-83.50195,13.1,1375,579
41,GRSM,GRSM_S_T0_P25,60,15,40.36513191,1.242663213,23.89027708,35.68896,-83.50195,13.1,1375,579
42,GRSM,GRSM_S_T0_P27,60,15,29.47060356,1.259654576,23.88978392,35.68896,-83.50195,13.1,1375,579
43,LENO,LENO_S_T0_P15,60,15,27.17078109,1.256666882,24.65016323,31.85388,-88.16122,18.1,1386,20
44,LENO,LENO_S_T0_P31,60,15,34.46846645,1.25647355,24.51123542,31.85388,-88.16122,18.1,1386,20
45,LENO,LENO_S_T0_P36,60,15,25.34191314,1.286056691,21.37038559,31.85388,-88.16122,18.1,1386,20
46,SERC,SERC_S_T0_P10,60,15,25.26739853,1.261549899,24.31281883,38.89008,-76.56001,13.6,1075,15
47,SERC,SERC_S_T0_P20,60,15,24.55320429,1.268455608,24.05152476,38.89008,-76.56001,13.6,1075,15
48,SERC,SERC_S_T0_P28,60,15,36.15461317,1.250862719,22.4610555,38.89008,-76.56001,13.6,1075,15
49,TALL,TALL_S_T0_P23,60,15,15.47117654,1.25215081,21.82058403,32.95046,-87.39327,17.2,1383,135
50,TALL,TALL_S_T0_P27,60,15,19.36135701,1.246506321,19.91766284,32.95046,-87.39327,17.2,1383,135
51,TALL,TALL_S_T0_P32,60,15,15.10989011,1.251460237,17.82577002,32.95046,-87.39327,17.2,1383,135
52,TREE,TREE_S_T0_P13,60,15,36.94961599,1.252736669,27.09329507,45.49369,-89.58571,4.8,797,472
53,TREE,TREE_S_T0_P19,60,15,23.23692552,1.254855614,25.42352284,45.49369,-89.58571,4.8,797,472
54,TREE,TREE_S_T0_P34,60,15,15.7744852,1.268886962,25.72174249,45.49369,-89.58571,4.8,797,472
55,BART,BART_S_T0_P02,80,15,62.33846894,1.268154796,16.74652961,44.06388,-71.28731,6.2,1325,232
56,BART,BART_S_T0_P08,80,15,65.80955796,1.263196118,28.26609242,44.06388,-71.28731,6.2,1325,232
57,BART,BART_S_T0_P11,80,15,46.98405036,1.273948622,28.8918525,44.06388,-71.28731,6.2,1325,232
58,GRSM,GRSM_S_T0_P20,80,15,32.57625565,1.273297251,37.7529525,35.68896,-83.50195,13.1,1375,579
59,GRSM,GRSM_S_T0_P25,80,15,40.36513191,1.260604316,27.6805769,35.68896,-83.50195,13.1,1375,579
60,GRSM,GRSM_S_T0_P27,80,15,29.47060356,1.249944543,28.95131234,35.68896,-83.50195,13.1,1375,579
61,LENO,LENO_S_T0_P15,80,15,27.17078109,1.251622482,27.81281068,31.85388,-88.16122,18.1,1386,20
62,LENO,LENO_S_T0_P31,80,15,34.46846645,1.273347173,24.51424313,31.85388,-88.16122,18.1,1386,20
63,LENO,LENO_S_T0_P36,80,15,25.34191314,1.274711198,23.65512762,31.85388,-88.16122,18.1,1386,20
64,SERC,SERC_S_T0_P10,80,15,25.26739853,1.262197138,27.44269641,38.89008,-76.56001,13.6,1075,15
65,SERC,SERC_S_T0_P20,80,15,24.55320429,1.25990169,26.60768792,38.89008,-76.56001,13.6,1075,15
66,SERC,SERC_S_T0_P28,80,15,36.15461317,1.261623414,24.85246524,38.89008,-76.56001,13.6,1075,15
67,TALL,TALL_S_T0_P23,80,15,15.47117654,1.248255755,26.76335477,32.95046,-87.39327,17.2,1383,135
68,TALL,TALL_S_T0_P27,80,15,19.36135701,1.26000687,23.03034441,32.95046,-87.39327,17.2,1383,135
69,TALL,TALL_S_T0_P32,80,15,15.10989011,1.259549437,22.72919513,32.95046,-87.39327,17.2,1383,135
70,TREE,TREE_S_T0_P13,80,15,36.94961599,1.26512171,32.21882579,45.49369,-89.58571,4.8,797,472
71,TREE,TREE_S_T0_P19,80,15,23.23692552,1.243357441,27.39178746,45.49369,-89.58571,4.8,797,472
72,TREE,TREE_S_T0_P34,80,15,15.7744852,1.258224324,27.29246688,45.49369,-89.58571,4.8,797,472
73,BART,BART_S_T0_P02,100,15,62.33846894,1.248132118,24.34805661,44.06388,-71.28731,6.2,1325,232
74,BART,BART_S_T0_P08,100,15,65.80955796,1.261212641,30.70818504,44.06388,-71.28731,6.2,1325,232
75,BART,BART_S_T0_P11,100,15,46.98405036,1.286984412,27.5669802,44.06388,-71.28731,6.2,1325,232
76,GRSM,GRSM_S_T0_P20,100,15,32.57625565,1.238255492,20.45677684,35.68896,-83.50195,13.1,1375,579
77,GRSM,GRSM_S_T0_P25,100,15,40.36513191,1.257943748,26.81224113,35.68896,-83.50195,13.1,1375,579
78,GRSM,GRSM_S_T0_P27,100,15,29.47060356,1.243612012,25.56417738,35.68896,-83.50195,13.1,1375,579
79,LENO,LENO_S_T0_P15,100,15,27.17078109,1.25725867,23.92964546,31.85388,-88.16122,18.1,1386,20
80,LENO,LENO_S_T0_P31,100,15,34.46846645,1.283759701,22.41459301,31.85388,-88.16122,18.1,1386,20
81,LENO,LENO_S_T0_P36,100,15,25.34191314,1.274650345,19.77691977,31.85388,-88.16122,18.1,1386,20
82,SERC,SERC_S_T0_P10,100,15,25.26739853,1.265417781,25.53078349,38.89008,-76.56001,13.6,1075,15
83,SERC,SERC_S_T0_P20,100,15,24.55320429,1.267751968,27.89310527,38.89008,-76.56001,13.6,1075,15
84,SERC,SERC_S_T0_P28,100,15,36.15461317,1.253877844,25.30387031,38.89008,-76.56001,13.6,1075,15
85,TALL,TALL_S_T0_P23,100,15,15.47117654,1.2583507,22.45566326,32.95046,-87.39327,17.2,1383,135
86,TALL,TALL_S_T0_P27,100,15,19.36135701,1.257928404,25.70652644,32.95046,-87.39327,17.2,1383,135
87,TALL,TALL_S_T0_P32,100,15,15.10989011,1.256857592,21.14554969,32.95046,-87.39327,17.2,1383,135
88,TREE,TREE_S_T0_P13,100,15,36.94961599,1.253886426,23.92925121,45.49369,-89.58571,4.8,797,472
89,TREE,TREE_S_T0_P19,100,15,23.23692552,1.252029951,30.60589406,45.49369,-89.58571,4.8,797,472
90,TREE,TREE_S_T0_P34,100,15,15.7744852,1.248336009,26.01300756,45.49369,-89.58571,4.8,797,472
91,BART,BART_S_T0_P02,20,25,62.33846894,1.264244744,4.966930001,44.06388,-71.28731,6.2,1325,232
92,BART,BART_S_T0_P08,20,25,65.80955796,1.270910869,8.689759795,44.06388,-71.28731,6.2,1325,232
93,BART,BART_S_T0_P11,20,25,46.98405036,1.236762649,7.316130416,44.06388,-71.28731,6.2,1325,232
94,GRSM,GRSM_S_T0_P20,20,25,32.57625565,1.278642872,4.873510363,35.68896,-83.50195,13.1,1375,579
95,GRSM,GRSM_S_T0_P25,20,25,40.36513191,1.235269666,10.89989462,35.68896,-83.50195,13.1,1375,579
96,GRSM,GRSM_S_T0_P27,20,25,29.47060356,1.252571587,10.15678494,35.68896,-83.50195,13.1,1375,579
97,LENO,LENO_S_T0_P15,20,25,27.17078109,1.255208781,6.754366228,31.85388,-88.16122,18.1,1386,20
98,LENO,LENO_S_T0_P31,20,25,34.46846645,1.280063062,11.44981687,31.85388,-88.16122,18.1,1386,20
99,LENO,LENO_S_T0_P36,20,25,25.34191314,1.252509261,5.092557072,31.85388,-88.16122,18.1,1386,20
100,SERC,SERC_S_T0_P10,20,25,25.26739853,1.282488042,4.473822124,38.89008,-76.56001,13.6,1075,15
101,SERC,SERC_S_T0_P20,20,25,24.55320429,1.261857851,5.884768372,38.89008,-76.56001,13.6,1075,15
102,SERC,SERC_S_T0_P28,20,25,36.15461317,1.272853007,8.071379907,38.89008,-76.56001,13.6,1075,15
103,TALL,TALL_S_T0_P23,20,25,15.47117654,1.251831578,16.20897748,32.95046,-87.39327,17.2,1383,135
104,TALL,TALL_S_T0_P27,20,25,19.36135701,1.271252125,16.27618277,32.95046,-87.39327,17.2,1383,135
105,TALL,TALL_S_T0_P32,20,25,15.10989011,1.265421865,12.9823924,32.95046,-87.39327,17.2,1383,135
106,TREE,TREE_S_T0_P13,20,25,36.94961599,1.263373106,14.92495435,45.49369,-89.58571,4.8,797,472
107,TREE,TREE_S_T0_P19,20,25,23.23692552,1.250313582,5.793824563,45.49369,-89.58571,4.8,797,472
108,TREE,TREE_S_T0_P34,20,25,15.7744852,1.246091024,7.178721325,45.49369,-89.58571,4.8,797,472
109,BART,BART_S_T0_P02,40,25,62.33846894,1.264154102,35.17147272,44.06388,-71.28731,6.2,1325,232
110,BART,BART_S_T0_P08,40,25,65.80955796,1.278122597,47.50438897,44.06388,-71.28731,6.2,1325,232
111,BART,BART_S_T0_P11,40,25,46.98405036,1.280234088,44.93256574,44.06388,-71.28731,6.2,1325,232
112,GRSM,GRSM_S_T0_P20,40,25,32.57625565,1.264693649,38.22925911,35.68896,-83.50195,13.1,1375,579
113,GRSM,GRSM_S_T0_P25,40,25,40.36513191,1.244118184,43.6471381,35.68896,-83.50195,13.1,1375,579
114,GRSM,GRSM_S_T0_P27,40,25,29.47060356,1.246560753,32.08156124,35.68896,-83.50195,13.1,1375,579
115,LENO,LENO_S_T0_P15,40,25,27.17078109,1.25674735,37.46764182,31.85388,-88.16122,18.1,1386,20
116,LENO,LENO_S_T0_P31,40,25,34.46846645,1.253765375,39.58775767,31.85388,-88.16122,18.1,1386,20
117,LENO,LENO_S_T0_P36,40,25,25.34191314,1.26892,30.1597477,31.85388,-88.16122,18.1,1386,20
118,SERC,SERC_S_T0_P10,40,25,25.26739853,1.241390268,30.09068599,38.89008,-76.56001,13.6,1075,15
119,SERC,SERC_S_T0_P20,40,25,24.55320429,1.254236217,27.99466295,38.89008,-76.56001,13.6,1075,15
120,SERC,SERC_S_T0_P28,40,25,36.15461317,1.247150006,38.91426085,38.89008,-76.56001,13.6,1075,15
121,TALL,TALL_S_T0_P23,40,25,15.47117654,1.252254222,31.69938288,32.95046,-87.39327,17.2,1383,135
122,TALL,TALL_S_T0_P27,40,25,19.36135701,1.262553411,40.51492434,32.95046,-87.39327,17.2,1383,135
123,TALL,TALL_S_T0_P32,40,25,15.10989011,1.257442417,27.28537328,32.95046,-87.39327,17.2,1383,135
124,TREE,TREE_S_T0_P13,40,25,36.94961599,1.266355447,27.91801734,45.49369,-89.58571,4.8,797,472
125,TREE,TREE_S_T0_P19,40,25,23.23692552,1.26074108,35.65178284,45.49369,-89.58571,4.8,797,472
126,TREE,TREE_S_T0_P34,40,25,15.7744852,1.261619762,47.9197666,45.49369,-89.58571,4.8,797,472
127,BART,BART_S_T0_P02,60,25,62.33846894,1.270053192,50.37755098,44.06388,-71.28731,6.2,1325,232
128,BART,BART_S_T0_P08,60,25,65.80955796,1.275432805,48.49345333,44.06388,-71.28731,6.2,1325,232
129,BART,BART_S_T0_P11,60,25,46.98405036,1.262885021,51.79465015,44.06388,-71.28731,6.2,1325,232
130,GRSM,GRSM_S_T0_P20,60,25,32.57625565,1.264260528,52.90427847,35.68896,-83.50195,13.1,1375,579
131,GRSM,GRSM_S_T0_P25,60,25,40.36513191,1.255764899,49.62873832,35.68896,-83.50195,13.1,1375,579
132,GRSM,GRSM_S_T0_P27,60,25,29.47060356,1.247012538,31.42049336,35.68896,-83.50195,13.1,1375,579
133,LENO,LENO_S_T0_P15,60,25,27.17078109,1.263917092,57.73392185,31.85388,-88.16122,18.1,1386,20
134,LENO,LENO_S_T0_P31,60,25,34.46846645,1.248176613,43.05813208,31.85388,-88.16122,18.1,1386,20
135,LENO,LENO_S_T0_P36,60,25,25.34191314,1.26465092,43.45298552,31.85388,-88.16122,18.1,1386,20
136,SERC,SERC_S_T0_P10,60,25,25.26739853,1.2569899,40.06452226,38.89008,-76.56001,13.6,1075,15
137,SERC,SERC_S_T0_P20,60,25,24.55320429,1.244139698,40.76436782,38.89008,-76.56001,13.6,1075,15
138,SERC,SERC_S_T0_P28,60,25,36.15461317,1.252485282,41.78812142,38.89008,-76.56001,13.6,1075,15
139,TALL,TALL_S_T0_P23,60,25,15.47117654,1.263368492,43.85483574,32.95046,-87.39327,17.2,1383,135
140,TALL,TALL_S_T0_P27,60,25,19.36135701,1.254707003,40.67846254,32.95046,-87.39327,17.2,1383,135
141,TALL,TALL_S_T0_P32,60,25,15.10989011,1.257343861,46.90819361,32.95046,-87.39327,17.2,1383,135
142,TREE,TREE_S_T0_P13,60,25,36.94961599,1.253915601,45.33767581,45.49369,-89.58571,4.8,797,472
143,TREE,TREE_S_T0_P19,60,25,23.23692552,1.243736103,36.30450999,45.49369,-89.58571,4.8,797,472
144,TREE,TREE_S_T0_P34,60,25,15.7744852,1.250522788,36.12954944,45.49369,-89.58571,4.8,797,472
145,BART,BART_S_T0_P02,80,25,62.33846894,1.2455249,48.54497124,44.06388,-71.28731,6.2,1325,232
146,BART,BART_S_T0_P08,80,25,65.80955796,1.276974478,50.72109784,44.06388,-71.28731,6.2,1325,232
147,BART,BART_S_T0_P11,80,25,46.98405036,1.247239729,46.1899177,44.06388,-71.28731,6.2,1325,232
148,GRSM,GRSM_S_T0_P20,80,25,32.57625565,1.259318337,52.63175004,35.68896,-83.50195,13.1,1375,579
149,GRSM,GRSM_S_T0_P25,80,25,40.36513191,1.252363203,44.3634039,35.68896,-83.50195,13.1,1375,579
150,GRSM,GRSM_S_T0_P27,80,25,29.47060356,1.250243397,47.53275338,35.68896,-83.50195,13.1,1375,579
151,LENO,LENO_S_T0_P15,80,25,27.17078109,1.255740161,48.70269618,31.85388,-88.16122,18.1,1386,20
152,LENO,LENO_S_T0_P31,80,25,34.46846645,1.261056038,46.42980915,31.85388,-88.16122,18.1,1386,20
153,LENO,LENO_S_T0_P36,80,25,25.34191314,1.258379562,38.87006644,31.85388,-88.16122,18.1,1386,20
154,SERC,SERC_S_T0_P10,80,25,25.26739853,1.242843972,40.67289186,38.89008,-76.56001,13.6,1075,15
155,SERC,SERC_S_T0_P20,80,25,24.55320429,1.250518434,40.6405849,38.89008,-76.56001,13.6,1075,15
156,SERC,SERC_S_T0_P28,80,25,36.15461317,1.256719618,45.76042766,38.89008,-76.56001,13.6,1075,15
157,TALL,TALL_S_T0_P23,80,25,15.47117654,1.255731268,38.03690577,32.95046,-87.39327,17.2,1383,135
158,TALL,TALL_S_T0_P27,80,25,19.36135701,1.252467054,24.27977077,32.95046,-87.39327,17.2,1383,135
159,TALL,TALL_S_T0_P32,80,25,15.10989011,1.259327021,48.5780983,32.95046,-87.39327,17.2,1383,135
160,TREE,TREE_S_T0_P13,80,25,36.94961599,1.28152924,49.66619174,45.49369,-89.58571,4.8,797,472
161,TREE,TREE_S_T0_P19,80,25,23.23692552,1.25347617,44.75656341,45.49369,-89.58571,4.8,797,472
162,TREE,TREE_S_T0_P34,80,25,15.7744852,1.258092887,30.81418067,45.49369,-89.58571,4.8,797,472
163,BART,BART_S_T0_P02,100,25,62.33846894,1.241788511,39.0553653,44.06388,-71.28731,6.2,1325,232
164,BART,BART_S_T0_P08,100,25,65.80955796,1.248683547,39.09811238,44.06388,-71.28731,6.2,1325,232
165,BART,BART_S_T0_P11,100,25,46.98405036,1.247282692,33.89234777,44.06388,-71.28731,6.2,1325,232
166,GRSM,GRSM_S_T0_P20,100,25,32.57625565,1.269566192,34.04574909,35.68896,-83.50195,13.1,1375,579
167,GRSM,GRSM_S_T0_P25,100,25,40.36513191,1.250971109,46.91693394,35.68896,-83.50195,13.1,1375,579
168,GRSM,GRSM_S_T0_P27,100,25,29.47060356,1.246744814,49.82932008,35.68896,-83.50195,13.1,1375,579
169,LENO,LENO_S_T0_P15,100,25,27.17078109,1.249555158,38.54615826,31.85388,-88.16122,18.1,1386,20
170,LENO,LENO_S_T0_P31,100,25,34.46846645,1.270289879,37.18130441,31.85388,-88.16122,18.1,1386,20
171,LENO,LENO_S_T0_P36,100,25,25.34191314,1.248995808,34.62862739,31.85388,-88.16122,18.1,1386,20
172,SERC,SERC_S_T0_P10,100,25,25.26739853,1.259650377,35.00831305,38.89008,-76.56001,13.6,1075,15
173,SERC,SERC_S_T0_P20,100,25,24.55320429,1.245812878,49.05402591,38.89008,-76.56001,13.6,1075,15
174,SERC,SERC_S_T0_P28,100,25,36.15461317,1.256817087,45.22770913,38.89008,-76.56001,13.6,1075,15
175,TALL,TALL_S_T0_P23,100,25,15.47117654,1.255155737,50.24409289,32.95046,-87.39327,17.2,1383,135
176,TALL,TALL_S_T0_P27,100,25,19.36135701,1.244305237,46.45159652,32.95046,-87.39327,17.2,1383,135
177,TALL,TALL_S_T0_P32,100,25,15.10989011,1.260497115,45.14221535,32.95046,-87.39327,17.2,1383,135
178,TREE,TREE_S_T0_P13,100,25,36.94961599,1.266691733,45.78363995,45.49369,-89.58571,4.8,797,472
179,TREE,TREE_S_T0_P19,100,25,23.23692552,1.24831946,47.75438325,45.49369,-89.58571,4.8,797,472
180,TREE,TREE_S_T0_P34,100,25,15.7744852,1.251882735,48.41600379,45.49369,-89.58571,4.8,797,472
181,BART,BART_S_T0_P22,20,15,46.6349975,1.245036111,3.105836994,44.06388,-71.28731,6.2,1325,232
182,BART,BART_S_T0_P23,20,15,59.05432111,1.254130755,0.683123041,44.06388,-71.28731,6.2,1325,232
183,BART,BART_S_T0_P26,20,15,65.55140671,1.247084419,0.713878955,44.06388,-71.28731,6.2,1325,232
184,GRSM,GRSM_S_T0_P14,20,15,21.96572298,1.253253334,0.808093161,35.68896,-83.50195,13.1,1375,579
185,GRSM,GRSM_S_T0_P22,20,15,36.78869518,1.252431026,0.729326259,35.68896,-83.50195,13.1,1375,579
186,GRSM,GRSM_S_T0_P26,20,15,54.35919371,1.252137357,0.887630184,35.68896,-83.50195,13.1,1375,579
187,LENO,LENO_S_T0_P02,20,15,23.10139553,1.251211962,0.974729887,31.85388,-88.16122,18.1,1386,20
188,LENO,LENO_S_T0_P08,20,15,23.9842933,1.260859298,1.383872176,31.85388,-88.16122,18.1,1386,20
189,LENO,LENO_S_T0_P12,20,15,48.08277783,1.261952011,1.126443174,31.85388,-88.16122,18.1,1386,20
190,SERC,SERC_S_T0_P08,20,15,29.04578374,1.25922848,1.059911434,38.89008,-76.56001,13.6,1075,15
191,SERC,SERC_S_T0_P09,20,15,30.41308729,1.266555335,0.842128878,38.89008,-76.56001,13.6,1075,15
192,SERC,SERC_S_T0_P19,20,15,28.12844298,1.259123434,1.193278747,38.89008,-76.56001,13.6,1075,15
193,TALL,TALL_S_T0_P08,20,15,36.78445904,1.250274631,1.494574279,32.95046,-87.39327,17.2,1383,135
194,TALL,TALL_S_T0_P09,20,15,10.92916429,1.240986518,0.718840152,32.95046,-87.39327,17.2,1383,135
195,TALL,TALL_S_T0_P29,20,15,5.913222753,1.246706362,2.727731355,32.95046,-87.39327,17.2,1383,135
196,TREE,TREE_S_T0_P04,20,15,32.52446265,1.25743378,0.837018938,45.49369,-89.58571,4.8,797,472
197,TREE,TREE_S_T0_P14,20,15,29.48843925,1.250210431,1.905417392,45.49369,-89.58571,4.8,797,472
198,TREE,TREE_S_T0_P15,20,15,20.41676753,1.258903552,1.603546984,45.49369,-89.58571,4.8,797,472
199,BART,BART_S_T0_P22,40,15,46.6349975,1.254812975,19.23911872,44.06388,-71.28731,6.2,1325,232
200,BART,BART_S_T0_P23,40,15,59.05432111,1.238441727,23.39926766,44.06388,-71.28731,6.2,1325,232
201,BART,BART_S_T0_P26,40,15,65.55140671,1.268382379,23.46671679,44.06388,-71.28731,6.2,1325,232
202,GRSM,GRSM_S_T0_P14,40,15,21.96572298,1.254184747,22.14681755,35.68896,-83.50195,13.1,1375,579
203,GRSM,GRSM_S_T0_P22,40,15,36.78869518,1.2563467,18.22726976,35.68896,-83.50195,13.1,1375,579
204,GRSM,GRSM_S_T0_P26,40,15,54.35919371,1.269772832,18.89831118,35.68896,-83.50195,13.1,1375,579
205,LENO,LENO_S_T0_P02,40,15,23.10139553,1.244954178,15.5049242,31.85388,-88.16122,18.1,1386,20
206,LENO,LENO_S_T0_P08,40,15,23.9842933,1.266527339,14.36545502,31.85388,-88.16122,18.1,1386,20
207,LENO,LENO_S_T0_P12,40,15,48.08277783,1.249509096,18.91274467,31.85388,-88.16122,18.1,1386,20
208,SERC,SERC_S_T0_P08,40,15,29.04578374,1.241416291,15.1708777,38.89008,-76.56001,13.6,1075,15
209,SERC,SERC_S_T0_P09,40,15,30.41308729,1.239587352,14.77362722,38.89008,-76.56001,13.6,1075,15
210,SERC,SERC_S_T0_P19,40,15,28.12844298,1.245662092,17.25169004,38.89008,-76.56001,13.6,1075,15
211,TALL,TALL_S_T0_P08,40,15,36.78445904,1.257398427,17.154794,32.95046,-87.39327,17.2,1383,135
212,TALL,TALL_S_T0_P09,40,15,10.92916429,1.252130641,14.38482898,32.95046,-87.39327,17.2,1383,135
213,TALL,TALL_S_T0_P29,40,15,5.913222753,1.247788499,14.11284586,32.95046,-87.39327,17.2,1383,135
214,TREE,TREE_S_T0_P04,40,15,32.52446265,1.252190913,17.92582652,45.49369,-89.58571,4.8,797,472
215,TREE,TREE_S_T0_P14,40,15,29.48843925,1.255302768,22.93853107,45.49369,-89.58571,4.8,797,472
216,TREE,TREE_S_T0_P15,40,15,20.41676753,1.253553198,16.30884315,45.49369,-89.58571,4.8,797,472
217,BART,BART_S_T0_P22,60,15,46.6349975,1.234643764,28.58507877,44.06388,-71.28731,6.2,1325,232
218,BART,BART_S_T0_P23,60,15,59.05432111,1.237075733,32.71986446,44.06388,-71.28731,6.2,1325,232
219,BART,BART_S_T0_P26,60,15,65.55140671,1.247999094,32.18843872,44.06388,-71.28731,6.2,1325,232
220,GRSM,GRSM_S_T0_P14,60,15,21.96572298,1.255380942,27.4256826,35.68896,-83.50195,13.1,1375,579
221,GRSM,GRSM_S_T0_P22,60,15,36.78869518,1.25196806,31.56946965,35.68896,-83.50195,13.1,1375,579
222,GRSM,GRSM_S_T0_P26,60,15,54.35919371,1.273463064,35.59427933,35.68896,-83.50195,13.1,1375,579
223,LENO,LENO_S_T0_P02,60,15,23.10139553,1.253745086,24.54984394,31.85388,-88.16122,18.1,1386,20
224,LENO,LENO_S_T0_P08,60,15,23.9842933,1.267112321,23.69772164,31.85388,-88.16122,18.1,1386,20
225,LENO,LENO_S_T0_P12,60,15,48.08277783,1.258446605,25.64977765,31.85388,-88.16122,18.1,1386,20
226,SERC,SERC_S_T0_P08,60,15,29.04578374,1.266565814,27.29030278,38.89008,-76.56001,13.6,1075,15
227,SERC,SERC_S_T0_P09,60,15,30.41308729,1.244566071,24.14230273,38.89008,-76.56001,13.6,1075,15
228,SERC,SERC_S_T0_P19,60,15,28.12844298,1.259674458,25.13862657,38.89008,-76.56001,13.6,1075,15
229,TALL,TALL_S_T0_P08,60,15,36.78445904,1.23304421,20.28439639,32.95046,-87.39327,17.2,1383,135
230,TALL,TALL_S_T0_P09,60,15,10.92916429,1.252843784,22.86782579,32.95046,-87.39327,17.2,1383,135
231,TALL,TALL_S_T0_P29,60,15,5.913222753,1.250624895,20.13820542,32.95046,-87.39327,17.2,1383,135
232,TREE,TREE_S_T0_P04,60,15,32.52446265,1.256246385,22.45304604,45.49369,-89.58571,4.8,797,472
233,TREE,TREE_S_T0_P14,60,15,29.48843925,1.256923314,25.48819225,45.49369,-89.58571,4.8,797,472
234,TREE,TREE_S_T0_P15,60,15,20.41676753,1.254249337,23.84441171,45.49369,-89.58571,4.8,797,472
235,BART,BART_S_T0_P22,80,15,46.6349975,1.247617691,26.93562551,44.06388,-71.28731,6.2,1325,232
236,BART,BART_S_T0_P23,80,15,59.05432111,1.241233647,31.8933139,44.06388,-71.28731,6.2,1325,232
237,BART,BART_S_T0_P26,80,15,65.55140671,1.243237414,32.06237617,44.06388,-71.28731,6.2,1325,232
238,GRSM,GRSM_S_T0_P14,80,15,21.96572298,1.243352855,29.48642885,35.68896,-83.50195,13.1,1375,579
239,GRSM,GRSM_S_T0_P22,80,15,36.78869518,1.258412338,30.4233277,35.68896,-83.50195,13.1,1375,579
240,GRSM,GRSM_S_T0_P26,80,15,54.35919371,1.259245156,30.10419492,35.68896,-83.50195,13.1,1375,579
241,LENO,LENO_S_T0_P02,80,15,23.10139553,1.250910068,22.5716506,31.85388,-88.16122,18.1,1386,20
242,LENO,LENO_S_T0_P08,80,15,23.9842933,1.239033381,28.50979293,31.85388,-88.16122,18.1,1386,20
243,LENO,LENO_S_T0_P12,80,15,48.08277783,1.25700675,26.37569068,31.85388,-88.16122,18.1,1386,20
244,SERC,SERC_S_T0_P08,80,15,29.04578374,1.256317903,24.34847102,38.89008,-76.56001,13.6,1075,15
245,SERC,SERC_S_T0_P09,80,15,30.41308729,1.244444612,25.57550174,38.89008,-76.56001,13.6,1075,15
246,SERC,SERC_S_T0_P19,80,15,28.12844298,1.309141549,19.8210703,38.89008,-76.56001,13.6,1075,15
247,TALL,TALL_S_T0_P08,80,15,36.78445904,1.248409889,25.89425097,32.95046,-87.39327,17.2,1383,135
248,TALL,TALL_S_T0_P09,80,15,10.92916429,1.25568263,24.05994971,32.95046,-87.39327,17.2,1383,135
249,TALL,TALL_S_T0_P29,80,15,5.913222753,1.256405845,24.04969027,32.95046,-87.39327,17.2,1383,135
250,TREE,TREE_S_T0_P04,80,15,32.52446265,1.250781603,24.16455387,45.49369,-89.58571,4.8,797,472
251,TREE,TREE_S_T0_P14,80,15,29.48843925,1.256414228,29.41621325,45.49369,-89.58571,4.8,797,472
252,TREE,TREE_S_T0_P15,80,15,20.41676753,1.256634942,25.15446574,45.49369,-89.58571,4.8,797,472
253,BART,BART_S_T0_P22,100,15,46.6349975,1.241837782,23.81791448,44.06388,-71.28731,6.2,1325,232
254,BART,BART_S_T0_P23,100,15,59.05432111,1.243178835,29.14603688,44.06388,-71.28731,6.2,1325,232
255,BART,BART_S_T0_P26,100,15,65.55140671,1.239598833,33.47992043,44.06388,-71.28731,6.2,1325,232
256,GRSM,GRSM_S_T0_P14,100,15,21.96572298,1.265444353,28.01871734,35.68896,-83.50195,13.1,1375,579
257,GRSM,GRSM_S_T0_P22,100,15,36.78869518,1.265307016,25.14349788,35.68896,-83.50195,13.1,1375,579
258,GRSM,GRSM_S_T0_P26,100,15,54.35919371,1.253684473,26.1100476,35.68896,-83.50195,13.1,1375,579
259,LENO,LENO_S_T0_P02,100,15,23.10139553,1.247422313,27.29622569,31.85388,-88.16122,18.1,1386,20
260,LENO,LENO_S_T0_P08,100,15,23.9842933,1.243656122,28.49060829,31.85388,-88.16122,18.1,1386,20
261,LENO,LENO_S_T0_P12,100,15,48.08277783,1.285909351,22.74630462,31.85388,-88.16122,18.1,1386,20
262,SERC,SERC_S_T0_P08,100,15,29.04578374,1.263262923,27.36595839,38.89008,-76.56001,13.6,1075,15
263,SERC,SERC_S_T0_P09,100,15,30.41308729,1.246628917,24.19669882,38.89008,-76.56001,13.6,1075,15
264,SERC,SERC_S_T0_P19,100,15,28.12844298,1.301368014,20.67870514,38.89008,-76.56001,13.6,1075,15
265,TALL,TALL_S_T0_P08,100,15,36.78445904,1.251100457,20.45451585,32.95046,-87.39327,17.2,1383,135
266,TALL,TALL_S_T0_P09,100,15,10.92916429,1.253004226,27.52880654,32.95046,-87.39327,17.2,1383,135
267,TALL,TALL_S_T0_P29,100,15,5.913222753,1.256768957,25.47130353,32.95046,-87.39327,17.2,1383,135
268,TREE,TREE_S_T0_P04,100,15,32.52446265,1.250567363,27.69837709,45.49369,-89.58571,4.8,797,472
269,TREE,TREE_S_T0_P14,100,15,29.48843925,1.249023885,30.24863237,45.49369,-89.58571,4.8,797,472
270,TREE,TREE_S_T0_P15,100,15,20.41676753,1.252411416,23.55466941,45.49369,-89.58571,4.8,797,472
271,BART,BART_S_T0_P22,20,25,46.6349975,1.263124898,16.94933378,44.06388,-71.28731,6.2,1325,232
272,BART,BART_S_T0_P23,20,25,59.05432111,1.270787009,17.21358238,44.06388,-71.28731,6.2,1325,232
273,BART,BART_S_T0_P26,20,25,65.55140671,1.258832235,12.82202082,44.06388,-71.28731,6.2,1325,232
274,GRSM,GRSM_S_T0_P14,20,25,21.96572298,1.25448704,15.2239629,35.68896,-83.50195,13.1,1375,579
275,GRSM,GRSM_S_T0_P22,20,25,36.78869518,1.266693172,21.32080137,35.68896,-83.50195,13.1,1375,579
276,GRSM,GRSM_S_T0_P26,20,25,54.35919371,1.25508486,8.649558869,35.68896,-83.50195,13.1,1375,579
277,LENO,LENO_S_T0_P02,20,25,23.10139553,1.240216756,6.107365215,31.85388,-88.16122,18.1,1386,20
278,LENO,LENO_S_T0_P08,20,25,23.9842933,1.275055263,7.043070591,31.85388,-88.16122,18.1,1386,20
279,LENO,LENO_S_T0_P12,20,25,48.08277783,1.256793,22.80303706,31.85388,-88.16122,18.1,1386,20
280,SERC,SERC_S_T0_P08,20,25,29.04578374,1.250188244,14.40492112,38.89008,-76.56001,13.6,1075,15
281,SERC,SERC_S_T0_P09,20,25,30.41308729,1.249318582,11.92752351,38.89008,-76.56001,13.6,1075,15
282,SERC,SERC_S_T0_P19,20,25,28.12844298,1.248455498,7.256358196,38.89008,-76.56001,13.6,1075,15
283,TALL,TALL_S_T0_P08,20,25,36.78445904,1.260551389,13.24177007,32.95046,-87.39327,17.2,1383,135
284,TALL,TALL_S_T0_P09,20,25,10.92916429,1.254080493,8.23566958,32.95046,-87.39327,17.2,1383,135
285,TALL,TALL_S_T0_P29,20,25,5.913222753,1.253446663,10.0131902,32.95046,-87.39327,17.2,1383,135
286,TREE,TREE_S_T0_P04,20,25,32.52446265,1.2540851,11.92836135,45.49369,-89.58571,4.8,797,472
287,TREE,TREE_S_T0_P14,20,25,29.48843925,1.25243762,12.71827095,45.49369,-89.58571,4.8,797,472
288,TREE,TREE_S_T0_P15,20,25,20.41676753,1.261035455,12.31830212,45.49369,-89.58571,4.8,797,472
289,BART,BART_S_T0_P22,40,25,46.6349975,1.244470877,41.5023168,44.06388,-71.28731,6.2,1325,232
290,BART,BART_S_T0_P23,40,25,59.05432111,1.243467114,36.93401607,44.06388,-71.28731,6.2,1325,232
291,BART,BART_S_T0_P26,40,25,65.55140671,1.254363314,45.71369802,44.06388,-71.28731,6.2,1325,232
292,GRSM,GRSM_S_T0_P14,40,25,21.96572298,1.242571489,95.50377657,35.68896,-83.50195,13.1,1375,579
293,GRSM,GRSM_S_T0_P22,40,25,36.78869518,1.260438984,45.29695203,35.68896,-83.50195,13.1,1375,579
294,GRSM,GRSM_S_T0_P26,40,25,54.35919371,1.270443634,42.88594956,35.68896,-83.50195,13.1,1375,579
295,LENO,LENO_S_T0_P02,40,25,23.10139553,1.2386582,50.33229998,31.85388,-88.16122,18.1,1386,20
296,LENO,LENO_S_T0_P08,40,25,23.9842933,1.252927877,37.90305923,31.85388,-88.16122,18.1,1386,20
297,LENO,LENO_S_T0_P12,40,25,48.08277783,1.252026409,46.13370598,31.85388,-88.16122,18.1,1386,20
298,SERC,SERC_S_T0_P08,40,25,29.04578374,1.255053468,50.28540283,38.89008,-76.56001,13.6,1075,15
299,SERC,SERC_S_T0_P09,40,25,30.41308729,1.244671626,47.6368111,38.89008,-76.56001,13.6,1075,15
300,SERC,SERC_S_T0_P19,40,25,28.12844298,1.243567123,39.65346461,38.89008,-76.56001,13.6,1075,15
301,TALL,TALL_S_T0_P08,40,25,36.78445904,1.246635737,49.18270362,32.95046,-87.39327,17.2,1383,135
302,TALL,TALL_S_T0_P09,40,25,10.92916429,1.253214914,42.77404247,32.95046,-87.39327,17.2,1383,135
303,TALL,TALL_S_T0_P29,40,25,5.913222753,1.252656724,46.93711487,32.95046,-87.39327,17.2,1383,135
304,TREE,TREE_S_T0_P04,40,25,32.52446265,1.259437821,34.86660054,45.49369,-89.58571,4.8,797,472
305,TREE,TREE_S_T0_P14,40,25,29.48843925,1.246628626,36.93394318,45.49369,-89.58571,4.8,797,472
306,TREE,TREE_S_T0_P15,40,25,20.41676753,1.249428449,36.58249503,45.49369,-89.58571,4.8,797,472
307,BART,BART_S_T0_P22,60,25,46.6349975,1.257273413,44.53301375,44.06388,-71.28731,6.2,1325,232
308,BART,BART_S_T0_P23,60,25,59.05432111,1.249536347,37.24206009,44.06388,-71.28731,6.2,1325,232
309,BART,BART_S_T0_P26,60,25,65.55140671,1.239267425,56.06245975,44.06388,-71.28731,6.2,1325,232
310,GRSM,GRSM_S_T0_P14,60,25,21.96572298,1.286055216,47.87254981,35.68896,-83.50195,13.1,1375,579
311,GRSM,GRSM_S_T0_P22,60,25,36.78869518,1.26431536,44.54221636,35.68896,-83.50195,13.1,1375,579
312,GRSM,GRSM_S_T0_P26,60,25,54.35919371,1.29015841,46.14040568,35.68896,-83.50195,13.1,1375,579
313,LENO,LENO_S_T0_P02,60,25,23.10139553,1.261578775,54.5561692,31.85388,-88.16122,18.1,1386,20
314,LENO,LENO_S_T0_P08,60,25,23.9842933,1.23839817,44.09378881,31.85388,-88.16122,18.1,1386,20
315,LENO,LENO_S_T0_P12,60,25,48.08277783,1.242868107,44.20213778,31.85388,-88.16122,18.1,1386,20
316,SERC,SERC_S_T0_P08,60,25,29.04578374,1.251566877,42.45751535,38.89008,-76.56001,13.6,1075,15
317,SERC,SERC_S_T0_P09,60,25,30.41308729,1.253812273,42.73184584,38.89008,-76.56001,13.6,1075,15
318,SERC,SERC_S_T0_P19,60,25,28.12844298,1.23775696,45.45983802,38.89008,-76.56001,13.6,1075,15
319,TALL,TALL_S_T0_P08,60,25,36.78445904,1.25417055,44.93094771,32.95046,-87.39327,17.2,1383,135
320,TALL,TALL_S_T0_P09,60,25,10.92916429,1.262641,47.75161871,32.95046,-87.39327,17.2,1383,135
321,TALL,TALL_S_T0_P29,60,25,5.913222753,1.245337553,45.67432422,32.95046,-87.39327,17.2,1383,135
322,TREE,TREE_S_T0_P04,60,25,32.52446265,1.243343345,50.675901,45.49369,-89.58571,4.8,797,472
323,TREE,TREE_S_T0_P14,60,25,29.48843925,1.241702528,53.64196886,45.49369,-89.58571,4.8,797,472
324,TREE,TREE_S_T0_P15,60,25,20.41676753,1.245558836,37.19249992,45.49369,-89.58571,4.8,797,472
325,BART,BART_S_T0_P22,80,25,46.6349975,1.247187655,43.76501409,44.06388,-71.28731,6.2,1325,232
326,BART,BART_S_T0_P23,80,25,59.05432111,1.255970334,46.28329806,44.06388,-71.28731,6.2,1325,232
327,BART,BART_S_T0_P26,80,25,65.55140671,1.252865851,47.06791316,44.06388,-71.28731,6.2,1325,232
328,GRSM,GRSM_S_T0_P14,80,25,21.96572298,1.250995217,40.74361468,35.68896,-83.50195,13.1,1375,579
329,GRSM,GRSM_S_T0_P22,80,25,36.78869518,1.254995348,48.33547542,35.68896,-83.50195,13.1,1375,579
330,GRSM,GRSM_S_T0_P26,80,25,54.35919371,1.253523062,37.43939844,35.68896,-83.50195,13.1,1375,579
331,LENO,LENO_S_T0_P02,80,25,23.10139553,1.254651429,59.09503675,31.85388,-88.16122,18.1,1386,20
332,LENO,LENO_S_T0_P08,80,25,23.9842933,1.237303457,50.40127911,31.85388,-88.16122,18.1,1386,20
333,LENO,LENO_S_T0_P12,80,25,48.08277783,1.265977291,46.45777162,31.85388,-88.16122,18.1,1386,20
334,SERC,SERC_S_T0_P08,80,25,29.04578374,1.26536518,48.25594341,38.89008,-76.56001,13.6,1075,15
335,SERC,SERC_S_T0_P09,80,25,30.41308729,1.235225252,47.67289723,38.89008,-76.56001,13.6,1075,15
336,SERC,SERC_S_T0_P19,80,25,28.12844298,1.249692417,44.6974156,38.89008,-76.56001,13.6,1075,15
337,TALL,TALL_S_T0_P08,80,25,36.78445904,1.294775788,41.17509022,32.95046,-87.39327,17.2,1383,135
338,TALL,TALL_S_T0_P09,80,25,10.92916429,1.250089443,47.07794934,32.95046,-87.39327,17.2,1383,135
339,TALL,TALL_S_T0_P29,80,25,5.913222753,1.249777836,42.6874678,32.95046,-87.39327,17.2,1383,135
340,TREE,TREE_S_T0_P04,80,25,32.52446265,1.261055166,44.69600916,45.49369,-89.58571,4.8,797,472
341,TREE,TREE_S_T0_P14,80,25,29.48843925,1.249420213,47.76350545,45.49369,-89.58571,4.8,797,472
342,TREE,TREE_S_T0_P15,80,25,20.41676753,1.25485088,39.61822765,45.49369,-89.58571,4.8,797,472
343,BART,BART_S_T0_P22,100,25,46.6349975,1.244794411,36.84193264,44.06388,-71.28731,6.2,1325,232
344,BART,BART_S_T0_P23,100,25,59.05432111,1.263901742,38.36887091,44.06388,-71.28731,6.2,1325,232
345,BART,BART_S_T0_P26,100,25,65.55140671,1.253377015,47.29695946,44.06388,-71.28731,6.2,1325,232
346,GRSM,GRSM_S_T0_P14,100,25,21.96572298,1.273317957,45.43098443,35.68896,-83.50195,13.1,1375,579
347,GRSM,GRSM_S_T0_P22,100,25,36.78869518,1.253505161,45.7976269,35.68896,-83.50195,13.1,1375,579
348,GRSM,GRSM_S_T0_P26,100,25,54.35919371,1.249341101,37.27651646,35.68896,-83.50195,13.1,1375,579
349,LENO,LENO_S_T0_P02,100,25,23.10139553,1.237960935,48.51838152,31.85388,-88.16122,18.1,1386,20
350,LENO,LENO_S_T0_P08,100,25,23.9842933,1.247814225,55.84246755,31.85388,-88.16122,18.1,1386,20
351,LENO,LENO_S_T0_P12,100,25,48.08277783,1.257229912,41.28793637,31.85388,-88.16122,18.1,1386,20
352,SERC,SERC_S_T0_P08,100,25,29.04578374,1.251988582,39.54581869,38.89008,-76.56001,13.6,1075,15
353,SERC,SERC_S_T0_P09,100,25,30.41308729,1.252892813,36.00386685,38.89008,-76.56001,13.6,1075,15
354,SERC,SERC_S_T0_P19,100,25,28.12844298,1.257469279,38.84130739,38.89008,-76.56001,13.6,1075,15
355,TALL,TALL_S_T0_P08,100,25,36.78445904,1.244699779,49.76860841,32.95046,-87.39327,17.2,1383,135
356,TALL,TALL_S_T0_P09,100,25,10.92916429,1.25353351,51.76422436,32.95046,-87.39327,17.2,1383,135
357,TALL,TALL_S_T0_P29,100,25,5.913222753,1.253231461,41.43044237,32.95046,-87.39327,17.2,1383,135
358,TREE,TREE_S_T0_P04,100,25,32.52446265,1.256406294,47.55180935,45.49369,-89.58571,4.8,797,472
359,TREE,TREE_S_T0_P14,100,25,29.48843925,1.253340595,41.11099932,45.49369,-89.58571,4.8,797,472
360,TREE,TREE_S_T0_P15,100,25,20.41676753,1.25816576,42.5022964,45.49369,-89.58571,4.8,797,472
361,BART,BART_S_T0_P03,20,15,67.40843535,1.256890864,6.095316411,44.06388,-71.28731,6.2,1325,232
362,BART,BART_S_T0_P20,20,15,49.14695341,1.249893705,5.267867012,44.06388,-71.28731,6.2,1325,232
363,BART,BART_S_T0_P21,20,15,54.40921026,1.258800856,3.5153542,44.06388,-71.28731,6.2,1325,232
364,GRSM,GRSM_S_T0_P03,20,15,48.0938006,1.24212117,3.84264649,35.68896,-83.50195,13.1,1375,579
365,GRSM,GRSM_S_T0_P05,20,15,27.9067089,1.256760807,3.925348747,35.68896,-83.50195,13.1,1375,579
366,GRSM,GRSM_S_T0_P19,20,15,32.66141985,1.266422022,4.188410992,35.68896,-83.50195,13.1,1375,579
367,LENO,LENO_S_T0_P04,20,15,27.95005359,1.238382363,2.418847849,31.85388,-88.16122,18.1,1386,20
368,LENO,LENO_S_T0_P21,20,15,24.6188527,1.252986278,3.325156645,31.85388,-88.16122,18.1,1386,20
369,LENO,LENO_S_T0_P34,20,15,28.09437457,1.243910174,2.619377225,31.85388,-88.16122,18.1,1386,20
370,SERC,SERC_S_T0_P06,20,15,36.38742448,1.253172978,4.316200473,38.89008,-76.56001,13.6,1075,15
371,SERC,SERC_S_T0_P24,20,15,30.3151192,1.252396476,5.043091536,38.89008,-76.56001,13.6,1075,15
372,SERC,SERC_S_T0_P25,20,15,26.96905978,1.259987323,3.254577362,38.89008,-76.56001,13.6,1075,15
373,TALL,TALL_S_T0_P05,20,15,17.98174987,1.243247262,4.137731037,32.95046,-87.39327,17.2,1383,135
374,TALL,TALL_S_T0_P06,20,15,18.1046444,1.235447821,4.541969218,32.95046,-87.39327,17.2,1383,135
375,TALL,TALL_S_T0_P28,20,15,10.59259259,1.261163568,4.496158695,32.95046,-87.39327,17.2,1383,135
376,TREE,TREE_S_T0_P11,20,15,47.46207643,1.242885697,5.153226978,45.49369,-89.58571,4.8,797,472
377,TREE,TREE_S_T0_P31,20,15,17.85232312,1.251866993,4.443050746,45.49369,-89.58571,4.8,797,472
378,TREE,TREE_S_T0_P35,20,15,16.58066187,1.279546915,3.999886107,45.49369,-89.58571,4.8,797,472
379,BART,BART_S_T0_P03,40,15,67.40843535,1.240494342,23.51342847,44.06388,-71.28731,6.2,1325,232
380,BART,BART_S_T0_P20,40,15,49.14695341,1.264186596,25.36817541,44.06388,-71.28731,6.2,1325,232
381,BART,BART_S_T0_P21,40,15,54.40921026,1.238741338,25.38228369,44.06388,-71.28731,6.2,1325,232
382,GRSM,GRSM_S_T0_P03,40,15,48.0938006,1.264414976,24.50213833,35.68896,-83.50195,13.1,1375,579
383,GRSM,GRSM_S_T0_P05,40,15,27.9067089,1.252319112,22.65360768,35.68896,-83.50195,13.1,1375,579
384,GRSM,GRSM_S_T0_P19,40,15,32.66141985,1.256593587,19.25045705,35.68896,-83.50195,13.1,1375,579
385,LENO,LENO_S_T0_P04,40,15,27.95005359,1.244174222,24.57309981,31.85388,-88.16122,18.1,1386,20
386,LENO,LENO_S_T0_P21,40,15,24.6188527,1.250309127,19.64276167,31.85388,-88.16122,18.1,1386,20
387,LENO,LENO_S_T0_P34,40,15,28.09437457,1.26658434,20.84667603,31.85388,-88.16122,18.1,1386,20
388,SERC,SERC_S_T0_P06,40,15,36.38742448,1.257115377,22.1180074,38.89008,-76.56001,13.6,1075,15
389,SERC,SERC_S_T0_P24,40,15,30.3151192,1.265323478,21.15532206,38.89008,-76.56001,13.6,1075,15
390,SERC,SERC_S_T0_P25,40,15,26.96905978,1.246661318,18.21548127,38.89008,-76.56001,13.6,1075,15
391,TALL,TALL_S_T0_P05,40,15,17.98174987,1.244933579,18.49881568,32.95046,-87.39327,17.2,1383,135
392,TALL,TALL_S_T0_P06,40,15,18.1046444,1.23781416,16.84155188,32.95046,-87.39327,17.2,1383,135
393,TALL,TALL_S_T0_P28,40,15,10.59259259,1.246126061,15.4823961,32.95046,-87.39327,17.2,1383,135
394,TREE,TREE_S_T0_P11,40,15,47.46207643,1.236850135,20.94096268,45.49369,-89.58571,4.8,797,472
395,TREE,TREE_S_T0_P31,40,15,17.85232312,1.248314382,23.18175226,45.49369,-89.58571,4.8,797,472
396,TREE,TREE_S_T0_P35,40,15,16.58066187,1.255403815,22.3631729,45.49369,-89.58571,4.8,797,472
397,BART,BART_S_T0_P03,60,15,67.40843535,1.263275782,35.47964545,44.06388,-71.28731,6.2,1325,232
398,BART,BART_S_T0_P20,60,15,49.14695341,1.035640194,28.16864485,44.06388,-71.28731,6.2,1325,232
399,BART,BART_S_T0_P21,60,15,54.40921026,1.246810788,33.44023812,44.06388,-71.28731,6.2,1325,232
400,GRSM,GRSM_S_T0_P03,60,15,48.0938006,1.25536154,33.5647402,35.68896,-83.50195,13.1,1375,579
401,GRSM,GRSM_S_T0_P05,60,15,27.9067089,1.253868649,29.39987237,35.68896,-83.50195,13.1,1375,579
402,GRSM,GRSM_S_T0_P19,60,15,32.66141985,1.240548742,25.77657564,35.68896,-83.50195,13.1,1375,579
403,LENO,LENO_S_T0_P04,60,15,27.95005359,1.248195087,25.80960643,31.85388,-88.16122,18.1,1386,20
404,LENO,LENO_S_T0_P21,60,15,24.6188527,1.253498422,22.98655819,31.85388,-88.16122,18.1,1386,20
405,LENO,LENO_S_T0_P34,60,15,28.09437457,1.252156916,23.0809218,31.85388,-88.16122,18.1,1386,20
406,SERC,SERC_S_T0_P06,60,15,36.38742448,1.254289557,27.25480124,38.89008,-76.56001,13.6,1075,15
407,SERC,SERC_S_T0_P24,60,15,30.3151192,1.26750876,25.15579673,38.89008,-76.56001,13.6,1075,15
408,SERC,SERC_S_T0_P25,60,15,26.96905978,1.249323595,25.12114389,38.89008,-76.56001,13.6,1075,15
409,TALL,TALL_S_T0_P05,60,15,17.98174987,1.250254107,19.95053273,32.95046,-87.39327,17.2,1383,135
410,TALL,TALL_S_T0_P06,60,15,18.1046444,1.251112088,20.61949774,32.95046,-87.39327,17.2,1383,135
411,TALL,TALL_S_T0_P28,60,15,10.59259259,1.261441259,20.29228646,32.95046,-87.39327,17.2,1383,135
412,TREE,TREE_S_T0_P11,60,15,47.46207643,1.287408571,24.95926586,45.49369,-89.58571,4.8,797,472
413,TREE,TREE_S_T0_P31,60,15,17.85232312,1.25893606,25.83894297,45.49369,-89.58571,4.8,797,472
414,TREE,TREE_S_T0_P35,60,15,16.58066187,1.249775951,25.621724,45.49369,-89.58571,4.8,797,472
415,BART,BART_S_T0_P03,80,15,67.40843535,1.258632252,35.47057062,44.06388,-71.28731,6.2,1325,232
416,BART,BART_S_T0_P20,80,15,49.14695341,1.259322021,37.22903542,44.06388,-71.28731,6.2,1325,232
417,BART,BART_S_T0_P21,80,15,54.40921026,1.253489813,31.36884565,44.06388,-71.28731,6.2,1325,232
418,GRSM,GRSM_S_T0_P03,80,15,48.0938006,1.254773539,29.83185182,35.68896,-83.50195,13.1,1375,579
419,GRSM,GRSM_S_T0_P05,80,15,27.9067089,1.235029361,26.44831642,35.68896,-83.50195,13.1,1375,579
420,GRSM,GRSM_S_T0_P19,80,15,32.66141985,1.24511459,30.8244904,35.68896,-83.50195,13.1,1375,579
421,LENO,LENO_S_T0_P04,80,15,27.95005359,1.239716513,29.55289402,31.85388,-88.16122,18.1,1386,20
422,LENO,LENO_S_T0_P21,80,15,24.6188527,1.250849641,26.960006,31.85388,-88.16122,18.1,1386,20
423,LENO,LENO_S_T0_P34,80,15,28.09437457,1.246693578,24.1075292,31.85388,-88.16122,18.1,1386,20
424,SERC,SERC_S_T0_P06,80,15,36.38742448,1.275511637,28.11146882,38.89008,-76.56001,13.6,1075,15
425,SERC,SERC_S_T0_P24,80,15,30.3151192,1.286672843,21.54696504,38.89008,-76.56001,13.6,1075,15
426,SERC,SERC_S_T0_P25,80,15,26.96905978,1.248257086,25.74804308,38.89008,-76.56001,13.6,1075,15
427,TALL,TALL_S_T0_P05,80,15,17.98174987,1.278648341,23.45196219,32.95046,-87.39327,17.2,1383,135
428,TALL,TALL_S_T0_P06,80,15,18.1046444,1.273575469,24.50937707,32.95046,-87.39327,17.2,1383,135
429,TALL,TALL_S_T0_P28,80,15,10.59259259,1.26902994,22.52570165,32.95046,-87.39327,17.2,1383,135
430,TREE,TREE_S_T0_P11,80,15,47.46207643,1.278263941,33.70636743,45.49369,-89.58571,4.8,797,472
431,TREE,TREE_S_T0_P31,80,15,17.85232312,1.247368236,33.29182914,45.49369,-89.58571,4.8,797,472
432,TREE,TREE_S_T0_P35,80,15,16.58066187,1.265580975,31.52423423,45.49369,-89.58571,4.8,797,472
433,BART,BART_S_T0_P03,100,15,67.40843535,1.248164366,38.25703608,44.06388,-71.28731,6.2,1325,232
434,BART,BART_S_T0_P20,100,15,49.14695341,1.256282298,31.45344683,44.06388,-71.28731,6.2,1325,232
435,BART,BART_S_T0_P21,100,15,54.40921026,1.260920802,31.96745202,44.06388,-71.28731,6.2,1325,232
436,GRSM,GRSM_S_T0_P03,100,15,48.0938006,1.247283506,29.29816091,35.68896,-83.50195,13.1,1375,579
437,GRSM,GRSM_S_T0_P05,100,15,27.9067089,1.244376678,33.29190771,35.68896,-83.50195,13.1,1375,579
438,GRSM,GRSM_S_T0_P19,100,15,32.66141985,1.244117687,31.33472935,35.68896,-83.50195,13.1,1375,579
439,LENO,LENO_S_T0_P04,100,15,27.95005359,1.259395356,23.02555535,31.85388,-88.16122,18.1,1386,20
440,LENO,LENO_S_T0_P21,100,15,24.6188527,1.260937814,25.89719376,31.85388,-88.16122,18.1,1386,20
441,LENO,LENO_S_T0_P34,100,15,28.09437457,1.256476017,19.87710926,31.85388,-88.16122,18.1,1386,20
442,SERC,SERC_S_T0_P06,100,15,36.38742448,1.232623362,28.09728471,38.89008,-76.56001,13.6,1075,15
443,SERC,SERC_S_T0_P24,100,15,30.3151192,1.274453564,21.03420916,38.89008,-76.56001,13.6,1075,15
444,SERC,SERC_S_T0_P25,100,15,26.96905978,1.257387164,24.77631108,38.89008,-76.56001,13.6,1075,15
445,TALL,TALL_S_T0_P05,100,15,17.98174987,1.244581876,19.36825871,32.95046,-87.39327,17.2,1383,135
446,TALL,TALL_S_T0_P06,100,15,18.1046444,1.230717286,27.52387089,32.95046,-87.39327,17.2,1383,135
447,TALL,TALL_S_T0_P28,100,15,10.59259259,1.294213388,26.80186666,32.95046,-87.39327,17.2,1383,135
448,TREE,TREE_S_T0_P11,100,15,47.46207643,1.246836638,31.23845624,45.49369,-89.58571,4.8,797,472
449,TREE,TREE_S_T0_P31,100,15,17.85232312,1.253986939,27.39908363,45.49369,-89.58571,4.8,797,472
450,TREE,TREE_S_T0_P35,100,15,16.58066187,1.254750058,35.93933948,45.49369,-89.58571,4.8,797,472
451,BART,BART_S_T0_P03,20,25,67.40843535,1.246307159,22.6421063,44.06388,-71.28731,6.2,1325,232
452,BART,BART_S_T0_P20,20,25,49.14695341,1.246388323,13.01708798,44.06388,-71.28731,6.2,1325,232
453,BART,BART_S_T0_P21,20,25,54.40921026,1.252296599,15.07059746,44.06388,-71.28731,6.2,1325,232
454,GRSM,GRSM_S_T0_P03,20,25,48.0938006,1.242658819,15.24214067,35.68896,-83.50195,13.1,1375,579
455,GRSM,GRSM_S_T0_P05,20,25,27.9067089,1.242195154,13.36022819,35.68896,-83.50195,13.1,1375,579
456,GRSM,GRSM_S_T0_P19,20,25,32.66141985,1.263728269,16.65534194,35.68896,-83.50195,13.1,1375,579
457,LENO,LENO_S_T0_P04,20,25,27.95005359,1.243422391,20.1181208,31.85388,-88.16122,18.1,1386,20
458,LENO,LENO_S_T0_P21,20,25,24.6188527,1.259952776,16.10011106,31.85388,-88.16122,18.1,1386,20
459,LENO,LENO_S_T0_P34,20,25,28.09437457,1.242546945,16.95169733,31.85388,-88.16122,18.1,1386,20
460,SERC,SERC_S_T0_P06,20,25,36.38742448,1.248761979,18.24185426,38.89008,-76.56001,13.6,1075,15
461,SERC,SERC_S_T0_P24,20,25,30.3151192,1.25038034,19.34050172,38.89008,-76.56001,13.6,1075,15
462,SERC,SERC_S_T0_P25,20,25,26.96905978,1.255827556,23.52762849,38.89008,-76.56001,13.6,1075,15
463,TALL,TALL_S_T0_P05,20,25,17.98174987,1.254259258,21.62599568,32.95046,-87.39327,17.2,1383,135
464,TALL,TALL_S_T0_P06,20,25,18.1046444,1.254449317,21.18702764,32.95046,-87.39327,17.2,1383,135
465,TALL,TALL_S_T0_P28,20,25,10.59259259,1.267642769,23.26949661,32.95046,-87.39327,17.2,1383,135
466,TREE,TREE_S_T0_P11,20,25,47.46207643,1.237108527,19.78863994,45.49369,-89.58571,4.8,797,472
467,TREE,TREE_S_T0_P31,20,25,17.85232312,1.244739774,11.162629,45.49369,-89.58571,4.8,797,472
468,TREE,TREE_S_T0_P35,20,25,16.58066187,1.269744974,22.32517716,45.49369,-89.58571,4.8,797,472
469,BART,BART_S_T0_P03,40,25,67.40843535,1.243767022,58.5826248,44.06388,-71.28731,6.2,1325,232
470,BART,BART_S_T0_P20,40,25,49.14695341,1.252458983,35.82696576,44.06388,-71.28731,6.2,1325,232
471,BART,BART_S_T0_P21,40,25,54.40921026,1.23899976,51.35418071,44.06388,-71.28731,6.2,1325,232
472,GRSM,GRSM_S_T0_P03,40,25,48.0938006,1.255827577,46.67804793,35.68896,-83.50195,13.1,1375,579
473,GRSM,GRSM_S_T0_P05,40,25,27.9067089,1.260417904,50.75610545,35.68896,-83.50195,13.1,1375,579
474,GRSM,GRSM_S_T0_P19,40,25,32.66141985,1.259278835,47.35363505,35.68896,-83.50195,13.1,1375,579
475,LENO,LENO_S_T0_P04,40,25,27.95005359,1.246268334,53.55253888,31.85388,-88.16122,18.1,1386,20
476,LENO,LENO_S_T0_P21,40,25,24.6188527,1.260106162,58.23480948,31.85388,-88.16122,18.1,1386,20
477,LENO,LENO_S_T0_P34,40,25,28.09437457,1.249023438,53.25775377,31.85388,-88.16122,18.1,1386,20
478,SERC,SERC_S_T0_P06,40,25,36.38742448,1.286573899,56.8820114,38.89008,-76.56001,13.6,1075,15
479,SERC,SERC_S_T0_P24,40,25,30.3151192,1.250431124,58.27849416,38.89008,-76.56001,13.6,1075,15
480,SERC,SERC_S_T0_P25,40,25,26.96905978,1.240689612,43.88093172,38.89008,-76.56001,13.6,1075,15
481,TALL,TALL_S_T0_P05,40,25,17.98174987,1.251506703,40.10626245,32.95046,-87.39327,17.2,1383,135
482,TALL,TALL_S_T0_P06,40,25,18.1046444,1.259451046,49.95833974,32.95046,-87.39327,17.2,1383,135
483,TALL,TALL_S_T0_P28,40,25,10.59259259,1.255294388,42.55513606,32.95046,-87.39327,17.2,1383,135
484,TREE,TREE_S_T0_P11,40,25,47.46207643,1.256157189,49.4915551,45.49369,-89.58571,4.8,797,472
485,TREE,TREE_S_T0_P31,40,25,17.85232312,1.275613407,41.4453,45.49369,-89.58571,4.8,797,472
486,TREE,TREE_S_T0_P35,40,25,16.58066187,1.267242394,47.21845305,45.49369,-89.58571,4.8,797,472
487,BART,BART_S_T0_P03,60,25,67.40843535,1.250884503,49.70194483,44.06388,-71.28731,6.2,1325,232
488,BART,BART_S_T0_P20,60,25,49.14695341,1.252820812,47.851502,44.06388,-71.28731,6.2,1325,232
489,BART,BART_S_T0_P21,60,25,54.40921026,1.246469037,41.78881294,44.06388,-71.28731,6.2,1325,232
490,GRSM,GRSM_S_T0_P03,60,25,48.0938006,1.250596613,45.40807068,35.68896,-83.50195,13.1,1375,579
491,GRSM,GRSM_S_T0_P05,60,25,27.9067089,1.25619951,50.49354508,35.68896,-83.50195,13.1,1375,579
492,GRSM,GRSM_S_T0_P19,60,25,32.66141985,1.259050678,52.14075502,35.68896,-83.50195,13.1,1375,579
493,LENO,LENO_S_T0_P04,60,25,27.95005359,1.245852238,54.75327241,31.85388,-88.16122,18.1,1386,20
494,LENO,LENO_S_T0_P21,60,25,24.6188527,1.259994211,46.9855752,31.85388,-88.16122,18.1,1386,20
495,LENO,LENO_S_T0_P34,60,25,28.09437457,1.244121649,38.77508393,31.85388,-88.16122,18.1,1386,20
496,SERC,SERC_S_T0_P06,60,25,36.38742448,1.241179449,45.60944862,38.89008,-76.56001,13.6,1075,15
497,SERC,SERC_S_T0_P24,60,25,30.3151192,1.247675497,45.64623809,38.89008,-76.56001,13.6,1075,15
498,SERC,SERC_S_T0_P25,60,25,26.96905978,1.255584216,44.65108905,38.89008,-76.56001,13.6,1075,15
499,TALL,TALL_S_T0_P05,60,25,17.98174987,1.248166043,40.03452308,32.95046,-87.39327,17.2,1383,135
500,TALL,TALL_S_T0_P06,60,25,18.1046444,1.270067622,47.6246235,32.95046,-87.39327,17.2,1383,135
501,TALL,TALL_S_T0_P28,60,25,10.59259259,1.285985983,39.26373235,32.95046,-87.39327,17.2,1383,135
502,TREE,TREE_S_T0_P11,60,25,47.46207643,1.255484939,53.2525643,45.49369,-89.58571,4.8,797,472
503,TREE,TREE_S_T0_P31,60,25,17.85232312,1.25723522,53.90550429,45.49369,-89.58571,4.8,797,472
504,TREE,TREE_S_T0_P35,60,25,16.58066187,1.258506363,41.55836978,45.49369,-89.58571,4.8,797,472
505,BART,BART_S_T0_P03,80,25,67.40843535,1.252675034,49.37555684,44.06388,-71.28731,6.2,1325,232
506,BART,BART_S_T0_P20,80,25,49.14695341,1.266854897,50.49987165,44.06388,-71.28731,6.2,1325,232
507,BART,BART_S_T0_P21,80,25,54.40921026,1.246020536,57.44649172,44.06388,-71.28731,6.2,1325,232
508,GRSM,GRSM_S_T0_P03,80,25,48.0938006,1.243179435,55.83013424,35.68896,-83.50195,13.1,1375,579
509,GRSM,GRSM_S_T0_P05,80,25,27.9067089,1.262495033,53.30899615,35.68896,-83.50195,13.1,1375,579
510,GRSM,GRSM_S_T0_P19,80,25,32.66141985,1.24896223,59.26404031,35.68896,-83.50195,13.1,1375,579
511,LENO,LENO_S_T0_P04,80,25,27.95005359,1.254637728,55.39971234,31.85388,-88.16122,18.1,1386,20
512,LENO,LENO_S_T0_P21,80,25,24.6188527,1.244564417,50.73080329,31.85388,-88.16122,18.1,1386,20
513,LENO,LENO_S_T0_P34,80,25,28.09437457,1.25630258,42.93900027,31.85388,-88.16122,18.1,1386,20
514,SERC,SERC_S_T0_P06,80,25,36.38742448,1.2609104,45.4615289,38.89008,-76.56001,13.6,1075,15
515,SERC,SERC_S_T0_P24,80,25,30.3151192,1.243803602,38.26001702,38.89008,-76.56001,13.6,1075,15
516,SERC,SERC_S_T0_P25,80,25,26.96905978,1.266858937,44.15517734,38.89008,-76.56001,13.6,1075,15
517,TALL,TALL_S_T0_P05,80,25,17.98174987,1.24270588,40.36015264,32.95046,-87.39327,17.2,1383,135
518,TALL,TALL_S_T0_P06,80,25,18.1046444,1.250843778,39.19070211,32.95046,-87.39327,17.2,1383,135
519,TALL,TALL_S_T0_P28,80,25,10.59259259,1.270041531,46.07946368,32.95046,-87.39327,17.2,1383,135
520,TREE,TREE_S_T0_P11,80,25,47.46207643,1.252210104,51.46499839,45.49369,-89.58571,4.8,797,472
521,TREE,TREE_S_T0_P31,80,25,17.85232312,1.289095993,59.1522772,45.49369,-89.58571,4.8,797,472
522,TREE,TREE_S_T0_P35,80,25,16.58066187,1.288646327,47.58854013,45.49369,-89.58571,4.8,797,472
523,BART,BART_S_T0_P03,100,25,67.40843535,1.270752262,51.45650632,44.06388,-71.28731,6.2,1325,232
524,BART,BART_S_T0_P20,100,25,49.14695341,1.264392387,47.76526304,44.06388,-71.28731,6.2,1325,232
525,BART,BART_S_T0_P21,100,25,54.40921026,1.256247875,38.15546319,44.06388,-71.28731,6.2,1325,232
526,GRSM,GRSM_S_T0_P03,100,25,48.0938006,1.250653928,45.82068817,35.68896,-83.50195,13.1,1375,579
527,GRSM,GRSM_S_T0_P05,100,25,27.9067089,1.238584871,43.89153775,35.68896,-83.50195,13.1,1375,579
528,GRSM,GRSM_S_T0_P19,100,25,32.66141985,1.258219263,46.39095899,35.68896,-83.50195,13.1,1375,579
529,LENO,LENO_S_T0_P04,100,25,27.95005359,1.247804642,38.61404761,31.85388,-88.16122,18.1,1386,20
530,LENO,LENO_S_T0_P21,100,25,24.6188527,1.261811175,33.23714303,31.85388,-88.16122,18.1,1386,20
531,LENO,LENO_S_T0_P34,100,25,28.09437457,1.255130206,44.5563514,31.85388,-88.16122,18.1,1386,20
532,SERC,SERC_S_T0_P06,100,25,36.38742448,1.252366964,43.71578744,38.89008,-76.56001,13.6,1075,15
533,SERC,SERC_S_T0_P24,100,25,30.3151192,1.254024279,34.76335862,38.89008,-76.56001,13.6,1075,15
534,SERC,SERC_S_T0_P25,100,25,26.96905978,1.25030666,43.0538108,38.89008,-76.56001,13.6,1075,15
535,TALL,TALL_S_T0_P05,100,25,17.98174987,1.234892059,45.12954586,32.95046,-87.39327,17.2,1383,135
536,TALL,TALL_S_T0_P06,100,25,18.1046444,1.261165451,43.39403327,32.95046,-87.39327,17.2,1383,135
537,TALL,TALL_S_T0_P28,100,25,10.59259259,1.282106353,33.94555384,32.95046,-87.39327,17.2,1383,135
538,TREE,TREE_S_T0_P11,100,25,47.46207643,1.254576901,39.93595995,45.49369,-89.58571,4.8,797,472
539,TREE,TREE_S_T0_P31,100,25,17.85232312,1.249428822,46.06848175,45.49369,-89.58571,4.8,797,472
540,TREE,TREE_S_T0_P35,100,25,16.58066187,1.275106549,47.44670671,45.49369,-89.58571,4.8,797,472
541,BART,BART_S_T0_P17,20,15,62.14822335,1.255052519,9.243294901,44.06388,-71.28731,6.2,1325,232
542,BART,BART_S_T0_P30,20,15,51.04821803,1.250191775,6.030527101,44.06388,-71.28731,6.2,1325,232
543,BART,BART_S_T0_P32,20,15,37.63694844,1.252024286,5.408721254,44.06388,-71.28731,6.2,1325,232
544,GRSM,GRSM_S_T0_P01,20,15,42.56946113,1.248783877,11.09231772,35.68896,-83.50195,13.1,1375,579
545,GRSM,GRSM_S_T0_P08,20,15,43.65258798,1.254723079,6.719696714,35.68896,-83.50195,13.1,1375,579
546,GRSM,GRSM_S_T0_P18,20,15,35.12759896,1.258168057,4.641700236,35.68896,-83.50195,13.1,1375,579
547,LENO,LENO_S_T0_P01,20,15,27.57374719,1.239322558,2.332451712,31.85388,-88.16122,18.1,1386,20
548,LENO,LENO_S_T0_P18,20,15,26.32672634,1.2442635,2.186168885,31.85388,-88.16122,18.1,1386,20
549,LENO,LENO_S_T0_P19,20,15,23.51864607,1.252743388,2.82011071,31.85388,-88.16122,18.1,1386,20
550,SERC,SERC_S_T0_P02,20,15,28.490589,1.248611454,3.456858974,38.89008,-76.56001,13.6,1075,15
551,SERC,SERC_S_T0_P21,20,15,22.76632633,1.25280969,4.192302341,38.89008,-76.56001,13.6,1075,15
552,SERC,SERC_S_T0_P36,20,15,28.89856282,1.26365559,3.482154423,38.89008,-76.56001,13.6,1075,15
553,TALL,TALL_S_T0_P10,20,15,13.15692053,1.23956647,4.554383734,32.95046,-87.39327,17.2,1383,135
554,TALL,TALL_S_T0_P19,20,15,10.46633757,1.245773246,4.60045117,32.95046,-87.39327,17.2,1383,135
555,TALL,TALL_S_T0_P31,20,15,19.78358106,1.261103326,3.262629069,32.95046,-87.39327,17.2,1383,135
556,TREE,TREE_S_T0_P03,20,15,54.90203959,1.272062222,3.859874314,45.49369,-89.58571,4.8,797,472
557,TREE,TREE_S_T0_P08,20,15,79.38597422,1.24059177,16.10730752,45.49369,-89.58571,4.8,797,472
558,TREE,TREE_S_T0_P21,20,15,18.04582048,1.259849072,3.701771842,45.49369,-89.58571,4.8,797,472
559,BART,BART_S_T0_P17,40,15,62.14822335,1.258836377,21.16525126,44.06388,-71.28731,6.2,1325,232
560,BART,BART_S_T0_P30,40,15,51.04821803,1.248493343,18.28929,44.06388,-71.28731,6.2,1325,232
561,BART,BART_S_T0_P32,40,15,37.63694844,1.242765179,20.4509811,44.06388,-71.28731,6.2,1325,232
562,GRSM,GRSM_S_T0_P01,40,15,42.56946113,1.254428238,22.99202927,35.68896,-83.50195,13.1,1375,579
563,GRSM,GRSM_S_T0_P08,40,15,43.65258798,1.246802545,22.20834742,35.68896,-83.50195,13.1,1375,579
564,GRSM,GRSM_S_T0_P18,40,15,35.12759896,1.2593016,19.79344576,35.68896,-83.50195,13.1,1375,579
565,LENO,LENO_S_T0_P01,40,15,27.57374719,1.248817489,18.66668022,31.85388,-88.16122,18.1,1386,20
566,LENO,LENO_S_T0_P18,40,15,26.32672634,1.244289131,18.15827787,31.85388,-88.16122,18.1,1386,20
567,LENO,LENO_S_T0_P19,40,15,23.51864607,1.247109172,15.25008829,31.85388,-88.16122,18.1,1386,20
568,SERC,SERC_S_T0_P02,40,15,28.490589,1.283886298,17.15854323,38.89008,-76.56001,13.6,1075,15
569,SERC,SERC_S_T0_P21,40,15,22.76632633,1.238380462,20.44923304,38.89008,-76.56001,13.6,1075,15
570,SERC,SERC_S_T0_P36,40,15,28.89856282,1.279480617,21.84099426,38.89008,-76.56001,13.6,1075,15
571,TALL,TALL_S_T0_P10,40,15,13.15692053,1.257673171,14.33757475,32.95046,-87.39327,17.2,1383,135
572,TALL,TALL_S_T0_P19,40,15,10.46633757,1.268241138,19.86283911,32.95046,-87.39327,17.2,1383,135
573,TALL,TALL_S_T0_P31,40,15,19.78358106,1.283622602,14.89205322,32.95046,-87.39327,17.2,1383,135
574,TREE,TREE_S_T0_P03,40,15,54.90203959,1.279395841,25.44079363,45.49369,-89.58571,4.8,797,472
575,TREE,TREE_S_T0_P08,40,15,79.38597422,1.248718958,28.22406114,45.49369,-89.58571,4.8,797,472
576,TREE,TREE_S_T0_P21,40,15,18.04582048,1.238834692,14.66626687,45.49369,-89.58571,4.8,797,472
577,BART,BART_S_T0_P17,60,15,62.14822335,1.249571538,24.62055939,44.06388,-71.28731,6.2,1325,232
578,BART,BART_S_T0_P30,60,15,51.04821803,1.249903306,33.83702383,44.06388,-71.28731,6.2,1325,232
579,BART,BART_S_T0_P32,60,15,37.63694844,1.250720537,31.24908308,44.06388,-71.28731,6.2,1325,232
580,GRSM,GRSM_S_T0_P01,60,15,42.56946113,1.250624346,33.95242146,35.68896,-83.50195,13.1,1375,579
581,GRSM,GRSM_S_T0_P08,60,15,43.65258798,1.24010909,31.24875456,35.68896,-83.50195,13.1,1375,579
582,GRSM,GRSM_S_T0_P18,60,15,35.12759896,1.262076173,22.63262715,35.68896,-83.50195,13.1,1375,579
583,LENO,LENO_S_T0_P01,60,15,27.57374719,1.258977665,26.09337411,31.85388,-88.16122,18.1,1386,20
584,LENO,LENO_S_T0_P18,60,15,26.32672634,1.241575216,24.55225353,31.85388,-88.16122,18.1,1386,20
585,LENO,LENO_S_T0_P19,60,15,23.51864607,1.248310577,27.99795595,31.85388,-88.16122,18.1,1386,20
586,SERC,SERC_S_T0_P02,60,15,28.490589,1.232753338,25.54503227,38.89008,-76.56001,13.6,1075,15
587,SERC,SERC_S_T0_P21,60,15,22.76632633,1.261474079,27.72050432,38.89008,-76.56001,13.6,1075,15
588,SERC,SERC_S_T0_P36,60,15,28.89856282,1.252140271,24.19707392,38.89008,-76.56001,13.6,1075,15
589,TALL,TALL_S_T0_P10,60,15,13.15692053,1.25946749,21.52226303,32.95046,-87.39327,17.2,1383,135
590,TALL,TALL_S_T0_P19,60,15,10.46633757,1.257305347,21.35434113,32.95046,-87.39327,17.2,1383,135
591,TALL,TALL_S_T0_P31,60,15,19.78358106,1.258126782,21.80243831,32.95046,-87.39327,17.2,1383,135
592,TREE,TREE_S_T0_P03,60,15,54.90203959,1.252463439,31.99104628,45.49369,-89.58571,4.8,797,472
593,TREE,TREE_S_T0_P08,60,15,79.38597422,1.243999118,33.51056508,45.49369,-89.58571,4.8,797,472
594,TREE,TREE_S_T0_P21,60,15,18.04582048,1.252280732,21.38974477,45.49369,-89.58571,4.8,797,472
595,BART,BART_S_T0_P17,80,15,62.14822335,1.253139438,30.58375411,44.06388,-71.28731,6.2,1325,232
596,BART,BART_S_T0_P30,80,15,51.04821803,1.24327213,32.75981377,44.06388,-71.28731,6.2,1325,232
597,BART,BART_S_T0_P32,80,15,37.63694844,1.251477646,31.06005053,44.06388,-71.28731,6.2,1325,232
598,GRSM,GRSM_S_T0_P01,80,15,42.56946113,1.252962831,29.92471705,35.68896,-83.50195,13.1,1375,579
599,GRSM,GRSM_S_T0_P08,80,15,43.65258798,1.249015662,36.80439193,35.68896,-83.50195,13.1,1375,579
600,GRSM,GRSM_S_T0_P18,80,15,35.12759896,1.263282059,28.72239185,35.68896,-83.50195,13.1,1375,579
601,LENO,LENO_S_T0_P01,80,15,27.57374719,1.249593833,29.54051306,31.85388,-88.16122,18.1,1386,20
602,LENO,LENO_S_T0_P18,80,15,26.32672634,1.248034471,24.2830473,31.85388,-88.16122,18.1,1386,20
603,LENO,LENO_S_T0_P19,80,15,23.51864607,1.257019588,27.23798432,31.85388,-88.16122,18.1,1386,20
604,SERC,SERC_S_T0_P02,80,15,28.490589,1.248299244,25.12859014,38.89008,-76.56001,13.6,1075,15
605,SERC,SERC_S_T0_P21,80,15,22.76632633,1.248583381,25.29114411,38.89008,-76.56001,13.6,1075,15
606,SERC,SERC_S_T0_P36,80,15,28.89856282,1.24521621,22.28367132,38.89008,-76.56001,13.6,1075,15
607,TALL,TALL_S_T0_P10,80,15,13.15692053,1.27233791,22.98676442,32.95046,-87.39327,17.2,1383,135
608,TALL,TALL_S_T0_P19,80,15,10.46633757,1.280709737,16.92999641,32.95046,-87.39327,17.2,1383,135
609,TALL,TALL_S_T0_P31,80,15,19.78358106,1.275774621,27.21419484,32.95046,-87.39327,17.2,1383,135
610,TREE,TREE_S_T0_P03,80,15,54.90203959,1.255433144,33.54631408,45.49369,-89.58571,4.8,797,472
611,TREE,TREE_S_T0_P08,80,15,79.38597422,1.263960655,35.07360992,45.49369,-89.58571,4.8,797,472
612,TREE,TREE_S_T0_P21,80,15,18.04582048,1.259780083,18.16436726,45.49369,-89.58571,4.8,797,472
613,BART,BART_S_T0_P17,100,15,62.14822335,1.246920101,30.81644059,44.06388,-71.28731,6.2,1325,232
614,BART,BART_S_T0_P30,100,15,51.04821803,1.248342993,27.97141876,44.06388,-71.28731,6.2,1325,232
615,BART,BART_S_T0_P32,100,15,37.63694844,1.249305404,30.20784728,44.06388,-71.28731,6.2,1325,232
616,GRSM,GRSM_S_T0_P01,100,15,42.56946113,1.245156742,30.21851551,35.68896,-83.50195,13.1,1375,579
617,GRSM,GRSM_S_T0_P08,100,15,43.65258798,1.249693184,20.74613132,35.68896,-83.50195,13.1,1375,579
618,GRSM,GRSM_S_T0_P18,100,15,35.12759896,1.249812862,31.21511433,35.68896,-83.50195,13.1,1375,579
619,LENO,LENO_S_T0_P01,100,15,27.57374719,1.251926123,26.62217354,31.85388,-88.16122,18.1,1386,20
620,LENO,LENO_S_T0_P18,100,15,26.32672634,1.246650479,25.54965465,31.85388,-88.16122,18.1,1386,20
621,LENO,LENO_S_T0_P19,100,15,23.51864607,1.245707103,23.22593722,31.85388,-88.16122,18.1,1386,20
622,SERC,SERC_S_T0_P02,100,15,28.490589,1.258825035,21.26436372,38.89008,-76.56001,13.6,1075,15
623,SERC,SERC_S_T0_P21,100,15,22.76632633,1.271538363,27.24784439,38.89008,-76.56001,13.6,1075,15
624,SERC,SERC_S_T0_P36,100,15,28.89856282,1.251247906,24.81955803,38.89008,-76.56001,13.6,1075,15
625,TALL,TALL_S_T0_P10,100,15,13.15692053,1.305563937,26.25846665,32.95046,-87.39327,17.2,1383,135
626,TALL,TALL_S_T0_P19,100,15,10.46633757,1.256654321,24.69572322,32.95046,-87.39327,17.2,1383,135
627,TALL,TALL_S_T0_P31,100,15,19.78358106,1.261787304,30.06589567,32.95046,-87.39327,17.2,1383,135
628,TREE,TREE_S_T0_P03,100,15,54.90203959,1.261641136,32.57993974,45.49369,-89.58571,4.8,797,472
629,TREE,TREE_S_T0_P08,100,15,79.38597422,1.241535722,33.64905389,45.49369,-89.58571,4.8,797,472
630,TREE,TREE_S_T0_P21,100,15,18.04582048,1.258098246,32.30390081,45.49369,-89.58571,4.8,797,472
631,BART,BART_S_T0_P17,20,25,62.14822335,1.25394262,20.0692088,44.06388,-71.28731,6.2,1325,232
632,BART,BART_S_T0_P30,20,25,51.04821803,1.249482862,20.16282296,44.06388,-71.28731,6.2,1325,232
633,BART,BART_S_T0_P32,20,25,37.63694844,1.247444978,15.10379727,44.06388,-71.28731,6.2,1325,232
634,GRSM,GRSM_S_T0_P01,20,25,42.56946113,1.240323648,25.33634386,35.68896,-83.50195,13.1,1375,579
635,GRSM,GRSM_S_T0_P08,20,25,43.65258798,1.253223739,17.8636884,35.68896,-83.50195,13.1,1375,579
636,GRSM,GRSM_S_T0_P18,20,25,35.12759896,1.242112265,14.39120349,35.68896,-83.50195,13.1,1375,579
637,LENO,LENO_S_T0_P01,20,25,27.57374719,1.256981931,28.02189934,31.85388,-88.16122,18.1,1386,20
638,LENO,LENO_S_T0_P18,20,25,26.32672634,1.256003181,13.53224474,31.85388,-88.16122,18.1,1386,20
639,LENO,LENO_S_T0_P19,20,25,23.51864607,1.24726889,12.06688381,31.85388,-88.16122,18.1,1386,20
640,SERC,SERC_S_T0_P02,20,25,28.490589,1.280048992,13.53482496,38.89008,-76.56001,13.6,1075,15
641,SERC,SERC_S_T0_P21,20,25,22.76632633,1.260699694,11.41849134,38.89008,-76.56001,13.6,1075,15
642,SERC,SERC_S_T0_P36,20,25,28.89856282,1.266521685,14.96951564,38.89008,-76.56001,13.6,1075,15
643,TALL,TALL_S_T0_P10,20,25,13.15692053,1.23827502,25.00970786,32.95046,-87.39327,17.2,1383,135
644,TALL,TALL_S_T0_P19,20,25,10.46633757,1.262849015,14.43463667,32.95046,-87.39327,17.2,1383,135
645,TALL,TALL_S_T0_P31,20,25,19.78358106,1.238937345,19.4250651,32.95046,-87.39327,17.2,1383,135
646,TREE,TREE_S_T0_P03,20,25,54.90203959,1.269191849,22.82145914,45.49369,-89.58571,4.8,797,472
647,TREE,TREE_S_T0_P08,20,25,79.38597422,1.251036354,34.96417524,45.49369,-89.58571,4.8,797,472
648,TREE,TREE_S_T0_P21,20,25,18.04582048,1.267108884,14.99688894,45.49369,-89.58571,4.8,797,472
649,BART,BART_S_T0_P17,40,25,62.14822335,1.256084349,33.05339858,44.06388,-71.28731,6.2,1325,232
650,BART,BART_S_T0_P30,40,25,51.04821803,1.246218876,37.86796436,44.06388,-71.28731,6.2,1325,232
651,BART,BART_S_T0_P32,40,25,37.63694844,1.253045594,41.08613712,44.06388,-71.28731,6.2,1325,232
652,GRSM,GRSM_S_T0_P01,40,25,42.56946113,1.246429643,43.40921383,35.68896,-83.50195,13.1,1375,579
653,GRSM,GRSM_S_T0_P08,40,25,43.65258798,1.238991998,36.91386986,35.68896,-83.50195,13.1,1375,579
654,GRSM,GRSM_S_T0_P18,40,25,35.12759896,1.260001597,33.45610563,35.68896,-83.50195,13.1,1375,579
655,LENO,LENO_S_T0_P01,40,25,27.57374719,1.256179082,37.76024778,31.85388,-88.16122,18.1,1386,20
656,LENO,LENO_S_T0_P18,40,25,26.32672634,1.257436854,39.51141399,31.85388,-88.16122,18.1,1386,20
657,LENO,LENO_S_T0_P19,40,25,23.51864607,1.254043301,29.83864313,31.85388,-88.16122,18.1,1386,20
658,SERC,SERC_S_T0_P02,40,25,28.490589,1.245900776,37.63291459,38.89008,-76.56001,13.6,1075,15
659,SERC,SERC_S_T0_P21,40,25,22.76632633,1.24266569,34.62342921,38.89008,-76.56001,13.6,1075,15
660,SERC,SERC_S_T0_P36,40,25,28.89856282,1.252478471,42.1406088,38.89008,-76.56001,13.6,1075,15
661,TALL,TALL_S_T0_P10,40,25,13.15692053,1.241441953,44.97025304,32.95046,-87.39327,17.2,1383,135
662,TALL,TALL_S_T0_P19,40,25,10.46633757,1.253526985,33.18950033,32.95046,-87.39327,17.2,1383,135
663,TALL,TALL_S_T0_P31,40,25,19.78358106,1.244666422,33.74656778,32.95046,-87.39327,17.2,1383,135
664,TREE,TREE_S_T0_P03,40,25,54.90203959,1.244720481,41.70684452,45.49369,-89.58571,4.8,797,472
665,TREE,TREE_S_T0_P08,40,25,79.38597422,1.270491978,50.75806273,45.49369,-89.58571,4.8,797,472
666,TREE,TREE_S_T0_P21,40,25,18.04582048,1.26931995,35.30010055,45.49369,-89.58571,4.8,797,472
667,BART,BART_S_T0_P17,60,25,62.14822335,1.254973958,45.62665544,44.06388,-71.28731,6.2,1325,232
668,BART,BART_S_T0_P30,60,25,51.04821803,1.243453959,51.80814291,44.06388,-71.28731,6.2,1325,232
669,BART,BART_S_T0_P32,60,25,37.63694844,1.250162146,48.68814668,44.06388,-71.28731,6.2,1325,232
670,GRSM,GRSM_S_T0_P01,60,25,42.56946113,1.243567211,45.60306155,35.68896,-83.50195,13.1,1375,579
671,GRSM,GRSM_S_T0_P08,60,25,43.65258798,1.247422367,46.24874848,35.68896,-83.50195,13.1,1375,579
672,GRSM,GRSM_S_T0_P18,60,25,35.12759896,1.257717974,32.61344425,35.68896,-83.50195,13.1,1375,579
673,LENO,LENO_S_T0_P01,60,25,27.57374719,1.258095918,47.7144385,31.85388,-88.16122,18.1,1386,20
674,LENO,LENO_S_T0_P18,60,25,26.32672634,1.246075839,38.12566076,31.85388,-88.16122,18.1,1386,20
675,LENO,LENO_S_T0_P19,60,25,23.51864607,1.246510292,41.86787509,31.85388,-88.16122,18.1,1386,20
676,SERC,SERC_S_T0_P02,60,25,28.490589,1.243505047,46.26642512,38.89008,-76.56001,13.6,1075,15
677,SERC,SERC_S_T0_P21,60,25,22.76632633,1.254954785,47.49413786,38.89008,-76.56001,13.6,1075,15
678,SERC,SERC_S_T0_P36,60,25,28.89856282,1.247256567,41.9202912,38.89008,-76.56001,13.6,1075,15
679,TALL,TALL_S_T0_P10,60,25,13.15692053,1.247712652,45.53829463,32.95046,-87.39327,17.2,1383,135
680,TALL,TALL_S_T0_P19,60,25,10.46633757,1.298554873,39.8156139,32.95046,-87.39327,17.2,1383,135
681,TALL,TALL_S_T0_P31,60,25,19.78358106,1.266732344,48.21013224,32.95046,-87.39327,17.2,1383,135
682,TREE,TREE_S_T0_P03,60,25,54.90203959,1.245265299,47.34638134,45.49369,-89.58571,4.8,797,472
683,TREE,TREE_S_T0_P08,60,25,79.38597422,1.254497848,62.98423964,45.49369,-89.58571,4.8,797,472
684,TREE,TREE_S_T0_P21,60,25,18.04582048,1.257889424,34.22863295,45.49369,-89.58571,4.8,797,472
685,BART,BART_S_T0_P17,80,25,62.14822335,1.247971655,45.78508658,44.06388,-71.28731,6.2,1325,232
686,BART,BART_S_T0_P30,80,25,51.04821803,1.248212765,42.8666083,44.06388,-71.28731,6.2,1325,232
687,BART,BART_S_T0_P32,80,25,37.63694844,1.245776659,49.54737644,44.06388,-71.28731,6.2,1325,232
688,GRSM,GRSM_S_T0_P01,80,25,42.56946113,1.24578612,48.71921316,35.68896,-83.50195,13.1,1375,579
689,GRSM,GRSM_S_T0_P08,80,25,43.65258798,1.243534395,50.1781681,35.68896,-83.50195,13.1,1375,579
690,GRSM,GRSM_S_T0_P18,80,25,35.12759896,1.248608316,34.0090182,35.68896,-83.50195,13.1,1375,579
691,LENO,LENO_S_T0_P01,80,25,27.57374719,1.237524689,47.62364816,31.85388,-88.16122,18.1,1386,20
692,LENO,LENO_S_T0_P18,80,25,26.32672634,1.244880682,48.12925022,31.85388,-88.16122,18.1,1386,20
693,LENO,LENO_S_T0_P19,80,25,23.51864607,1.255910743,44.6852937,31.85388,-88.16122,18.1,1386,20
694,SERC,SERC_S_T0_P02,80,25,28.490589,1.255704467,48.69751612,38.89008,-76.56001,13.6,1075,15
695,SERC,SERC_S_T0_P21,80,25,22.76632633,1.24737533,43.34686003,38.89008,-76.56001,13.6,1075,15
696,SERC,SERC_S_T0_P36,80,25,28.89856282,1.265431766,39.58450115,38.89008,-76.56001,13.6,1075,15
697,TALL,TALL_S_T0_P10,80,25,13.15692053,1.256743787,46.68694087,32.95046,-87.39327,17.2,1383,135
698,TALL,TALL_S_T0_P19,80,25,10.46633757,1.252613162,42.2966916,32.95046,-87.39327,17.2,1383,135
699,TALL,TALL_S_T0_P31,80,25,19.78358106,1.261141936,43.63276934,32.95046,-87.39327,17.2,1383,135
700,TREE,TREE_S_T0_P03,80,25,54.90203959,1.28477929,46.631813,45.49369,-89.58571,4.8,797,472
701,TREE,TREE_S_T0_P08,80,25,79.38597422,1.238420412,58.76695987,45.49369,-89.58571,4.8,797,472
702,TREE,TREE_S_T0_P21,80,25,18.04582048,1.258357073,40.58653408,45.49369,-89.58571,4.8,797,472
703,BART,BART_S_T0_P17,100,25,62.14822335,1.250892449,43.81145524,44.06388,-71.28731,6.2,1325,232
704,BART,BART_S_T0_P30,100,25,51.04821803,1.249180415,53.18705569,44.06388,-71.28731,6.2,1325,232
705,BART,BART_S_T0_P32,100,25,37.63694844,1.243188378,50.93841888,44.06388,-71.28731,6.2,1325,232
706,GRSM,GRSM_S_T0_P01,100,25,42.56946113,1.246950815,47.54711811,35.68896,-83.50195,13.1,1375,579
707,GRSM,GRSM_S_T0_P08,100,25,43.65258798,1.257152109,47.34574314,35.68896,-83.50195,13.1,1375,579
708,GRSM,GRSM_S_T0_P18,100,25,35.12759896,1.258191554,42.17780909,35.68896,-83.50195,13.1,1375,579
709,LENO,LENO_S_T0_P01,100,25,27.57374719,1.248850467,45.39714332,31.85388,-88.16122,18.1,1386,20
710,LENO,LENO_S_T0_P18,100,25,26.32672634,1.254299976,46.21946994,31.85388,-88.16122,18.1,1386,20
711,LENO,LENO_S_T0_P19,100,25,23.51864607,1.25368346,43.81346362,31.85388,-88.16122,18.1,1386,20
712,SERC,SERC_S_T0_P02,100,25,28.490589,1.273086185,44.52270804,38.89008,-76.56001,13.6,1075,15
713,SERC,SERC_S_T0_P21,100,25,22.76632633,1.23893693,44.64531085,38.89008,-76.56001,13.6,1075,15
714,SERC,SERC_S_T0_P36,100,25,28.89856282,1.248953086,40.63828012,38.89008,-76.56001,13.6,1075,15
715,TALL,TALL_S_T0_P10,100,25,13.15692053,1.248481568,45.18547738,32.95046,-87.39327,17.2,1383,135
716,TALL,TALL_S_T0_P19,100,25,10.46633757,1.258538176,29.69092593,32.95046,-87.39327,17.2,1383,135
717,TALL,TALL_S_T0_P31,100,25,19.78358106,1.269724678,42.28855679,32.95046,-87.39327,17.2,1383,135
718,TREE,TREE_S_T0_P03,100,25,54.90203959,1.245995447,46.38293516,45.49369,-89.58571,4.8,797,472
719,TREE,TREE_S_T0_P08,100,25,79.38597422,1.244731786,43.2531934,45.49369,-89.58571,4.8,797,472
720,TREE,TREE_S_T0_P21,100,25,18.04582048,1.245722701,45.1950983,45.49369,-89.58571,4.8,797,472
