"","lab.id","site","unique.id","moisture.trt","temp.trt","moisturePercent.gwc","total.dwe.added","cumulativeCO2Flux_mgCpergramSL","Latitude","Longitude","MAT_c","MAP_mm","Elevation_m"
"1",1,"BART","BART_S_T0_P02",20,"15",62.3384689359484,1.26016531403432,1.6287588199567,44.06388,-71.28731,6.2,1325,232
"2",2,"BART","BART_S_T0_P08",20,"15",65.8095579572811,1.30369463434305,4.31361931161126,44.06388,-71.28731,6.2,1325,232
"3",3,"BART","BART_S_T0_P11",20,"15",46.9840503630401,1.24846913934134,2.43541011432011,44.06388,-71.28731,6.2,1325,232
"4",4,"GRSM","GRSM_S_T0_P20",20,"15",32.5762556531786,1.25272024374464,3.35664574104372,35.68896,-83.50195,13.1,1375,579
"5",5,"GRSM","GRSM_S_T0_P25",20,"15",40.3651319089175,1.23762189053092,1.95008228107314,35.68896,-83.50195,13.1,1375,579
"6",6,"GRSM","GRSM_S_T0_P27",20,"15",29.4706035640546,1.24870434264077,1.39851877657181,35.68896,-83.50195,13.1,1375,579
"7",7,"LENO","LENO_S_T0_P15",20,"15",27.1707810918152,1.24626169123696,2.41213471891543,31.85388,-88.16122,18.1,1386,20
"8",8,"LENO","LENO_S_T0_P31",20,"15",34.4684664500952,1.24437194517454,0.897712458196322,31.85388,-88.16122,18.1,1386,20
"9",9,"LENO","LENO_S_T0_P36",20,"15",25.3419131393036,1.2387757419795,1.89040647965982,31.85388,-88.16122,18.1,1386,20
"10",10,"SERC","SERC_S_T0_P10",20,"15",25.2673985295597,1.25760984094997,2.17041739523567,38.89008,-76.56001,13.6,1075,15
"11",11,"SERC","SERC_S_T0_P20",20,"15",24.553204292448,1.24852501518086,2.2905228953488,38.89008,-76.56001,13.6,1075,15
"12",12,"SERC","SERC_S_T0_P28",20,"15",36.1546131737931,1.25105399372951,1.74075057143085,38.89008,-76.56001,13.6,1075,15
"13",13,"TALL","TALL_S_T0_P23",20,"15",15.47117653962,1.26438939559872,1.52417895056905,32.95046,-87.39327,17.2,1383,135
"14",14,"TALL","TALL_S_T0_P27",20,"15",19.3613570132512,1.25312065975199,1.8671276263593,32.95046,-87.39327,17.2,1383,135
"15",15,"TALL","TALL_S_T0_P32",20,"15",15.1098901098901,1.25604094595943,1.34519970061588,32.95046,-87.39327,17.2,1383,135
"16",16,"TREE","TREE_S_T0_P13",20,"15",36.9496159877759,1.25736038145814,0.82738226407067,45.49369,-89.58571,4.8,797,472
"17",17,"TREE","TREE_S_T0_P19",20,"15",23.2369255150554,1.2508514958889,2.21267104392979,45.49369,-89.58571,4.8,797,472
"18",18,"TREE","TREE_S_T0_P34",20,"15",15.7744852033297,1.25371054792017,2.73019380305525,45.49369,-89.58571,4.8,797,472
"19",19,"BART","BART_S_T0_P02",40,"15",62.3384689359484,1.27261869986527,17.5605059107664,44.06388,-71.28731,6.2,1325,232
"20",20,"BART","BART_S_T0_P08",40,"15",65.8095579572811,1.25120609444245,21.2933378590769,44.06388,-71.28731,6.2,1325,232
"21",21,"BART","BART_S_T0_P11",40,"15",46.9840503630401,1.26170806143775,17.6990960612317,44.06388,-71.28731,6.2,1325,232
"22",22,"GRSM","GRSM_S_T0_P20",40,"15",32.5762556531786,1.27951799554394,16.9007639090578,35.68896,-83.50195,13.1,1375,579
"23",23,"GRSM","GRSM_S_T0_P25",40,"15",40.3651319089175,1.24538960945679,16.3729364956911,35.68896,-83.50195,13.1,1375,579
"24",24,"GRSM","GRSM_S_T0_P27",40,"15",29.4706035640546,1.23983005119717,16.3410581590499,35.68896,-83.50195,13.1,1375,579
"25",25,"LENO","LENO_S_T0_P15",40,"15",27.1707810918152,1.25162009079391,16.6020162586919,31.85388,-88.16122,18.1,1386,20
"26",26,"LENO","LENO_S_T0_P31",40,"15",34.4684664500952,1.25466231547738,17.6361048011003,31.85388,-88.16122,18.1,1386,20
"27",27,"LENO","LENO_S_T0_P36",40,"15",25.3419131393036,1.26458768703477,13.6130439111242,31.85388,-88.16122,18.1,1386,20
"28",28,"SERC","SERC_S_T0_P10",40,"15",25.2673985295597,1.25371206121355,13.7963023126929,38.89008,-76.56001,13.6,1075,15
"29",29,"SERC","SERC_S_T0_P20",40,"15",24.553204292448,1.24393367190316,17.0002284410202,38.89008,-76.56001,13.6,1075,15
"30",30,"SERC","SERC_S_T0_P28",40,"15",36.1546131737931,1.26305365601653,19.7717800950708,38.89008,-76.56001,13.6,1075,15
"31",31,"TALL","TALL_S_T0_P23",40,"15",15.47117653962,1.25581404605192,12.39231689882,32.95046,-87.39327,17.2,1383,135
"32",32,"TALL","TALL_S_T0_P27",40,"15",19.3613570132512,1.26492603340226,11.7889715965592,32.95046,-87.39327,17.2,1383,135
"33",33,"TALL","TALL_S_T0_P32",40,"15",15.1098901098901,1.24404567778415,11.9668425089718,32.95046,-87.39327,17.2,1383,135
"34",34,"TREE","TREE_S_T0_P13",40,"15",36.9496159877759,1.25839233583925,17.3313499527884,45.49369,-89.58571,4.8,797,472
"35",35,"TREE","TREE_S_T0_P19",40,"15",23.2369255150554,1.24703806035311,14.898391155784,45.49369,-89.58571,4.8,797,472
"36",36,"TREE","TREE_S_T0_P34",40,"15",15.7744852033297,1.26001290986052,16.5983000425102,45.49369,-89.58571,4.8,797,472
"37",37,"BART","BART_S_T0_P02",60,"15",62.3384689359484,1.26806594062368,35.0958784624402,44.06388,-71.28731,6.2,1325,232
"38",38,"BART","BART_S_T0_P08",60,"15",65.8095579572811,1.26103056538147,28.2196656274838,44.06388,-71.28731,6.2,1325,232
"39",39,"BART","BART_S_T0_P11",60,"15",46.9840503630401,1.26151496354425,27.7534428218256,44.06388,-71.28731,6.2,1325,232
"40",40,"GRSM","GRSM_S_T0_P20",60,"15",32.5762556531786,1.27565652860403,27.3977521799595,35.68896,-83.50195,13.1,1375,579
"41",41,"GRSM","GRSM_S_T0_P25",60,"15",40.3651319089175,1.24266321250087,23.8902770842743,35.68896,-83.50195,13.1,1375,579
"42",42,"GRSM","GRSM_S_T0_P27",60,"15",29.4706035640546,1.25965457626618,23.8897839165342,35.68896,-83.50195,13.1,1375,579
"43",43,"LENO","LENO_S_T0_P15",60,"15",27.1707810918152,1.25666688196165,24.6501632292734,31.85388,-88.16122,18.1,1386,20
"44",44,"LENO","LENO_S_T0_P31",60,"15",34.4684664500952,1.25647355044365,24.5112354169929,31.85388,-88.16122,18.1,1386,20
"45",45,"LENO","LENO_S_T0_P36",60,"15",25.3419131393036,1.28605669093507,21.3703855885382,31.85388,-88.16122,18.1,1386,20
"46",46,"SERC","SERC_S_T0_P10",60,"15",25.2673985295597,1.26154989876128,24.3128188276309,38.89008,-76.56001,13.6,1075,15
"47",47,"SERC","SERC_S_T0_P20",60,"15",24.553204292448,1.26845560802844,24.0515247625453,38.89008,-76.56001,13.6,1075,15
"48",48,"SERC","SERC_S_T0_P28",60,"15",36.1546131737931,1.25086271948322,22.461055502066,38.89008,-76.56001,13.6,1075,15
"49",49,"TALL","TALL_S_T0_P23",60,"15",15.47117653962,1.25215080992164,21.820584030951,32.95046,-87.39327,17.2,1383,135
"50",50,"TALL","TALL_S_T0_P27",60,"15",19.3613570132512,1.24650632144212,19.9176628397118,32.95046,-87.39327,17.2,1383,135
"51",51,"TALL","TALL_S_T0_P32",60,"15",15.1098901098901,1.25146023725532,17.8257700173528,32.95046,-87.39327,17.2,1383,135
"52",52,"TREE","TREE_S_T0_P13",60,"15",36.9496159877759,1.25273666912307,27.0932950657639,45.49369,-89.58571,4.8,797,472
"53",53,"TREE","TREE_S_T0_P19",60,"15",23.2369255150554,1.25485561436457,25.4235228367869,45.49369,-89.58571,4.8,797,472
"54",54,"TREE","TREE_S_T0_P34",60,"15",15.7744852033297,1.26888696194506,25.7217424884908,45.49369,-89.58571,4.8,797,472
"55",55,"BART","BART_S_T0_P02",80,"15",62.3384689359484,1.26815479641607,16.7465296066772,44.06388,-71.28731,6.2,1325,232
"56",56,"BART","BART_S_T0_P08",80,"15",65.8095579572811,1.26319611831474,28.2660924220809,44.06388,-71.28731,6.2,1325,232
"57",57,"BART","BART_S_T0_P11",80,"15",46.9840503630401,1.2739486216809,28.8918524961151,44.06388,-71.28731,6.2,1325,232
"58",58,"GRSM","GRSM_S_T0_P20",80,"15",32.5762556531786,1.2732972514983,37.7529524998695,35.68896,-83.50195,13.1,1375,579
"59",59,"GRSM","GRSM_S_T0_P25",80,"15",40.3651319089175,1.26060431574263,27.6805768961881,35.68896,-83.50195,13.1,1375,579
"60",60,"GRSM","GRSM_S_T0_P27",80,"15",29.4706035640546,1.24994454311314,28.9513123390074,35.68896,-83.50195,13.1,1375,579
"61",61,"LENO","LENO_S_T0_P15",80,"15",27.1707810918152,1.25162248172955,27.8128106806365,31.85388,-88.16122,18.1,1386,20
"62",62,"LENO","LENO_S_T0_P31",80,"15",34.4684664500952,1.27334717312247,24.5142431275305,31.85388,-88.16122,18.1,1386,20
"63",63,"LENO","LENO_S_T0_P36",80,"15",25.3419131393036,1.27471119801795,23.6551276150839,31.85388,-88.16122,18.1,1386,20
"64",64,"SERC","SERC_S_T0_P10",80,"15",25.2673985295597,1.26219713778534,27.4426964147076,38.89008,-76.56001,13.6,1075,15
"65",65,"SERC","SERC_S_T0_P20",80,"15",24.553204292448,1.25990169028213,26.6076879203778,38.89008,-76.56001,13.6,1075,15
"66",66,"SERC","SERC_S_T0_P28",80,"15",36.1546131737931,1.2616234143532,24.8524652371065,38.89008,-76.56001,13.6,1075,15
"67",67,"TALL","TALL_S_T0_P23",80,"15",15.47117653962,1.24825575465558,26.7633547736848,32.95046,-87.39327,17.2,1383,135
"68",68,"TALL","TALL_S_T0_P27",80,"15",19.3613570132512,1.26000687004176,23.0303444114949,32.95046,-87.39327,17.2,1383,135
"69",69,"TALL","TALL_S_T0_P32",80,"15",15.1098901098901,1.25954943651545,22.7291951251109,32.95046,-87.39327,17.2,1383,135
"70",70,"TREE","TREE_S_T0_P13",80,"15",36.9496159877759,1.26512171040565,32.2188257867717,45.49369,-89.58571,4.8,797,472
"71",71,"TREE","TREE_S_T0_P19",80,"15",23.2369255150554,1.24335744111113,27.3917874634604,45.49369,-89.58571,4.8,797,472
"72",72,"TREE","TREE_S_T0_P34",80,"15",15.7744852033297,1.25822432421587,27.2924668781783,45.49369,-89.58571,4.8,797,472
"73",73,"BART","BART_S_T0_P02",100,"15",62.3384689359484,1.24813211751999,24.3480566138452,44.06388,-71.28731,6.2,1325,232
"74",74,"BART","BART_S_T0_P08",100,"15",65.8095579572811,1.26121264102928,30.7081850350289,44.06388,-71.28731,6.2,1325,232
"75",75,"BART","BART_S_T0_P11",100,"15",46.9840503630401,1.28698441175527,27.5669802042359,44.06388,-71.28731,6.2,1325,232
"76",76,"GRSM","GRSM_S_T0_P20",100,"15",32.5762556531786,1.23825549214993,20.4567768419182,35.68896,-83.50195,13.1,1375,579
"77",77,"GRSM","GRSM_S_T0_P25",100,"15",40.3651319089175,1.25794374767518,26.8122411346626,35.68896,-83.50195,13.1,1375,579
"78",78,"GRSM","GRSM_S_T0_P27",100,"15",29.4706035640546,1.24361201213053,25.5641773823457,35.68896,-83.50195,13.1,1375,579
"79",79,"LENO","LENO_S_T0_P15",100,"15",27.1707810918152,1.25725867048642,23.9296454630939,31.85388,-88.16122,18.1,1386,20
"80",80,"LENO","LENO_S_T0_P31",100,"15",34.4684664500952,1.28375970125624,22.4145930121432,31.85388,-88.16122,18.1,1386,20
"81",81,"LENO","LENO_S_T0_P36",100,"15",25.3419131393036,1.27465034470013,19.7769197740746,31.85388,-88.16122,18.1,1386,20
"82",82,"SERC","SERC_S_T0_P10",100,"15",25.2673985295597,1.26541778130518,25.5307834899209,38.89008,-76.56001,13.6,1075,15
"83",83,"SERC","SERC_S_T0_P20",100,"15",24.553204292448,1.26775196826375,27.8931052719102,38.89008,-76.56001,13.6,1075,15
"84",84,"SERC","SERC_S_T0_P28",100,"15",36.1546131737931,1.25387784398023,25.3038703061887,38.89008,-76.56001,13.6,1075,15
"85",85,"TALL","TALL_S_T0_P23",100,"15",15.47117653962,1.25835070034271,22.455663255216,32.95046,-87.39327,17.2,1383,135
"86",86,"TALL","TALL_S_T0_P27",100,"15",19.3613570132512,1.25792840386532,25.7065264445353,32.95046,-87.39327,17.2,1383,135
"87",87,"TALL","TALL_S_T0_P32",100,"15",15.1098901098901,1.25685759181954,21.1455496867829,32.95046,-87.39327,17.2,1383,135
"88",88,"TREE","TREE_S_T0_P13",100,"15",36.9496159877759,1.25388642610092,23.929251207675,45.49369,-89.58571,4.8,797,472
"89",89,"TREE","TREE_S_T0_P19",100,"15",23.2369255150554,1.2520299506708,30.6058940609172,45.49369,-89.58571,4.8,797,472
"90",90,"TREE","TREE_S_T0_P34",100,"15",15.7744852033297,1.24833600946674,26.0130075587076,45.49369,-89.58571,4.8,797,472
"91",91,"BART","BART_S_T0_P02",20,"25",62.3384689359484,1.26424474397278,4.96693000140964,44.06388,-71.28731,6.2,1325,232
"92",92,"BART","BART_S_T0_P08",20,"25",65.8095579572811,1.27091086933195,8.68975979470405,44.06388,-71.28731,6.2,1325,232
"93",93,"BART","BART_S_T0_P11",20,"25",46.9840503630401,1.23676264860012,7.31613041567554,44.06388,-71.28731,6.2,1325,232
"94",94,"GRSM","GRSM_S_T0_P20",20,"25",32.5762556531786,1.27864287173346,4.87351036300821,35.68896,-83.50195,13.1,1375,579
"95",95,"GRSM","GRSM_S_T0_P25",20,"25",40.3651319089175,1.23526966598862,10.8998946199893,35.68896,-83.50195,13.1,1375,579
"96",96,"GRSM","GRSM_S_T0_P27",20,"25",29.4706035640546,1.25257158737529,10.1567849367609,35.68896,-83.50195,13.1,1375,579
"97",97,"LENO","LENO_S_T0_P15",20,"25",27.1707810918152,1.25520878122829,6.75436622832603,31.85388,-88.16122,18.1,1386,20
"98",98,"LENO","LENO_S_T0_P31",20,"25",34.4684664500952,1.28006306188039,11.4498168748841,31.85388,-88.16122,18.1,1386,20
"99",99,"LENO","LENO_S_T0_P36",20,"25",25.3419131393036,1.25250926102417,5.09255707192628,31.85388,-88.16122,18.1,1386,20
"100",100,"SERC","SERC_S_T0_P10",20,"25",25.2673985295597,1.282488042199,4.47382212446166,38.89008,-76.56001,13.6,1075,15
"101",101,"SERC","SERC_S_T0_P20",20,"25",24.553204292448,1.2618578513403,5.8847683717141,38.89008,-76.56001,13.6,1075,15
"102",102,"SERC","SERC_S_T0_P28",20,"25",36.1546131737931,1.27285300677653,8.07137990674355,38.89008,-76.56001,13.6,1075,15
"103",103,"TALL","TALL_S_T0_P23",20,"25",15.47117653962,1.25183157793945,16.2089774800899,32.95046,-87.39327,17.2,1383,135
"104",104,"TALL","TALL_S_T0_P27",20,"25",19.3613570132512,1.27125212463765,16.2761827715003,32.95046,-87.39327,17.2,1383,135
"105",105,"TALL","TALL_S_T0_P32",20,"25",15.1098901098901,1.26542186503238,12.9823924037267,32.95046,-87.39327,17.2,1383,135
"106",106,"TREE","TREE_S_T0_P13",20,"25",36.9496159877759,1.26337310608603,14.9249543478786,45.49369,-89.58571,4.8,797,472
"107",107,"TREE","TREE_S_T0_P19",20,"25",23.2369255150554,1.25031358174846,5.79382456262616,45.49369,-89.58571,4.8,797,472
"108",108,"TREE","TREE_S_T0_P34",20,"25",15.7744852033297,1.24609102390604,7.17872132453152,45.49369,-89.58571,4.8,797,472
"109",109,"BART","BART_S_T0_P02",40,"25",62.3384689359484,1.26415410208894,35.1714727154162,44.06388,-71.28731,6.2,1325,232
"110",110,"BART","BART_S_T0_P08",40,"25",65.8095579572811,1.27812259656668,47.5043889722111,44.06388,-71.28731,6.2,1325,232
"111",111,"BART","BART_S_T0_P11",40,"25",46.9840503630401,1.2802340878944,44.9325657425663,44.06388,-71.28731,6.2,1325,232
"112",112,"GRSM","GRSM_S_T0_P20",40,"25",32.5762556531786,1.26469364879712,38.2292591113973,35.68896,-83.50195,13.1,1375,579
"113",113,"GRSM","GRSM_S_T0_P25",40,"25",40.3651319089175,1.24411818369154,43.6471381008535,35.68896,-83.50195,13.1,1375,579
"114",114,"GRSM","GRSM_S_T0_P27",40,"25",29.4706035640546,1.24656075339779,32.0815612354182,35.68896,-83.50195,13.1,1375,579
"115",115,"LENO","LENO_S_T0_P15",40,"25",27.1707810918152,1.25674734959885,37.4676418190475,31.85388,-88.16122,18.1,1386,20
"116",116,"LENO","LENO_S_T0_P31",40,"25",34.4684664500952,1.25376537535115,39.587757671423,31.85388,-88.16122,18.1,1386,20
"117",117,"LENO","LENO_S_T0_P36",40,"25",25.3419131393036,1.26891999987363,30.1597477019551,31.85388,-88.16122,18.1,1386,20
"118",118,"SERC","SERC_S_T0_P10",40,"25",25.2673985295597,1.24139026757761,30.0906859851653,38.89008,-76.56001,13.6,1075,15
"119",119,"SERC","SERC_S_T0_P20",40,"25",24.553204292448,1.25423621710625,27.994662952869,38.89008,-76.56001,13.6,1075,15
"120",120,"SERC","SERC_S_T0_P28",40,"25",36.1546131737931,1.24715000553178,38.9142608475239,38.89008,-76.56001,13.6,1075,15
"121",121,"TALL","TALL_S_T0_P23",40,"25",15.47117653962,1.25225422205675,31.6993828788094,32.95046,-87.39327,17.2,1383,135
"122",122,"TALL","TALL_S_T0_P27",40,"25",19.3613570132512,1.26255341139649,40.5149243350636,32.95046,-87.39327,17.2,1383,135
"123",123,"TALL","TALL_S_T0_P32",40,"25",15.1098901098901,1.25744241660462,27.2853732793226,32.95046,-87.39327,17.2,1383,135
"124",124,"TREE","TREE_S_T0_P13",40,"25",36.9496159877759,1.26635544702461,27.9180173390384,45.49369,-89.58571,4.8,797,472
"125",125,"TREE","TREE_S_T0_P19",40,"25",23.2369255150554,1.26074108029242,35.6517828366782,45.49369,-89.58571,4.8,797,472
"126",126,"TREE","TREE_S_T0_P34",40,"25",15.7744852033297,1.26161976249825,47.9197666017594,45.49369,-89.58571,4.8,797,472
"127",127,"BART","BART_S_T0_P02",60,"25",62.3384689359484,1.27005319179099,50.377550978093,44.06388,-71.28731,6.2,1325,232
"128",128,"BART","BART_S_T0_P08",60,"25",65.8095579572811,1.27543280457699,48.4934533320097,44.06388,-71.28731,6.2,1325,232
"129",129,"BART","BART_S_T0_P11",60,"25",46.9840503630401,1.2628850211677,51.7946501475156,44.06388,-71.28731,6.2,1325,232
"130",130,"GRSM","GRSM_S_T0_P20",60,"25",32.5762556531786,1.26426052817,52.9042784670856,35.68896,-83.50195,13.1,1375,579
"131",131,"GRSM","GRSM_S_T0_P25",60,"25",40.3651319089175,1.2557648993736,49.6287383241998,35.68896,-83.50195,13.1,1375,579
"132",132,"GRSM","GRSM_S_T0_P27",60,"25",29.4706035640546,1.24701253785608,31.4204933591342,35.68896,-83.50195,13.1,1375,579
"133",133,"LENO","LENO_S_T0_P15",60,"25",27.1707810918152,1.26391709204933,57.733921854746,31.85388,-88.16122,18.1,1386,20
"134",134,"LENO","LENO_S_T0_P31",60,"25",34.4684664500952,1.24817661319144,43.0581320799656,31.85388,-88.16122,18.1,1386,20
"135",135,"LENO","LENO_S_T0_P36",60,"25",25.3419131393036,1.26465091964439,43.4529855166002,31.85388,-88.16122,18.1,1386,20
"136",136,"SERC","SERC_S_T0_P10",60,"25",25.2673985295597,1.25698990026514,40.0645222631628,38.89008,-76.56001,13.6,1075,15
"137",137,"SERC","SERC_S_T0_P20",60,"25",24.553204292448,1.24413969763695,40.7643678176164,38.89008,-76.56001,13.6,1075,15
"138",138,"SERC","SERC_S_T0_P28",60,"25",36.1546131737931,1.2524852818859,41.7881214231952,38.89008,-76.56001,13.6,1075,15
"139",139,"TALL","TALL_S_T0_P23",60,"25",15.47117653962,1.26336849208433,43.854835735701,32.95046,-87.39327,17.2,1383,135
"140",140,"TALL","TALL_S_T0_P27",60,"25",19.3613570132512,1.25470700345407,40.6784625437368,32.95046,-87.39327,17.2,1383,135
"141",141,"TALL","TALL_S_T0_P32",60,"25",15.1098901098901,1.25734386132234,46.9081936128072,32.95046,-87.39327,17.2,1383,135
"142",142,"TREE","TREE_S_T0_P13",60,"25",36.9496159877759,1.25391560100674,45.3376758096732,45.49369,-89.58571,4.8,797,472
"143",143,"TREE","TREE_S_T0_P19",60,"25",23.2369255150554,1.24373610291217,36.3045099909604,45.49369,-89.58571,4.8,797,472
"144",144,"TREE","TREE_S_T0_P34",60,"25",15.7744852033297,1.25052278834983,36.1295494378081,45.49369,-89.58571,4.8,797,472
"145",145,"BART","BART_S_T0_P02",80,"25",62.3384689359484,1.24552489984223,48.544971244085,44.06388,-71.28731,6.2,1325,232
"146",146,"BART","BART_S_T0_P08",80,"25",65.8095579572811,1.27697447797567,50.7210978381808,44.06388,-71.28731,6.2,1325,232
"147",147,"BART","BART_S_T0_P11",80,"25",46.9840503630401,1.24723972895781,46.1899176981284,44.06388,-71.28731,6.2,1325,232
"148",148,"GRSM","GRSM_S_T0_P20",80,"25",32.5762556531786,1.25931833696135,52.6317500352069,35.68896,-83.50195,13.1,1375,579
"149",149,"GRSM","GRSM_S_T0_P25",80,"25",40.3651319089175,1.25236320344774,44.3634038968407,35.68896,-83.50195,13.1,1375,579
"150",150,"GRSM","GRSM_S_T0_P27",80,"25",29.4706035640546,1.25024339670909,47.5327533812091,35.68896,-83.50195,13.1,1375,579
"151",151,"LENO","LENO_S_T0_P15",80,"25",27.1707810918152,1.25574016082372,48.7026961764711,31.85388,-88.16122,18.1,1386,20
"152",152,"LENO","LENO_S_T0_P31",80,"25",34.4684664500952,1.26105603784766,46.4298091467765,31.85388,-88.16122,18.1,1386,20
"153",153,"LENO","LENO_S_T0_P36",80,"25",25.3419131393036,1.25837956185113,38.8700664376953,31.85388,-88.16122,18.1,1386,20
"154",154,"SERC","SERC_S_T0_P10",80,"25",25.2673985295597,1.24284397209817,40.6728918647423,38.89008,-76.56001,13.6,1075,15
"155",155,"SERC","SERC_S_T0_P20",80,"25",24.553204292448,1.25051843362315,40.6405849010743,38.89008,-76.56001,13.6,1075,15
"156",156,"SERC","SERC_S_T0_P28",80,"25",36.1546131737931,1.25671961789763,45.7604276564272,38.89008,-76.56001,13.6,1075,15
"157",157,"TALL","TALL_S_T0_P23",80,"25",15.47117653962,1.25573126815642,38.036905772752,32.95046,-87.39327,17.2,1383,135
"158",158,"TALL","TALL_S_T0_P27",80,"25",19.3613570132512,1.25246705385334,24.2797707673822,32.95046,-87.39327,17.2,1383,135
"159",159,"TALL","TALL_S_T0_P32",80,"25",15.1098901098901,1.25932702142456,48.5780982967063,32.95046,-87.39327,17.2,1383,135
"160",160,"TREE","TREE_S_T0_P13",80,"25",36.9496159877759,1.28152924013411,49.6661917357414,45.49369,-89.58571,4.8,797,472
"161",161,"TREE","TREE_S_T0_P19",80,"25",23.2369255150554,1.25347616950001,44.7565634093182,45.49369,-89.58571,4.8,797,472
"162",162,"TREE","TREE_S_T0_P34",80,"25",15.7744852033297,1.25809288720583,30.8141806701762,45.49369,-89.58571,4.8,797,472
"163",163,"BART","BART_S_T0_P02",100,"25",62.3384689359484,1.24178851091127,39.0553652994322,44.06388,-71.28731,6.2,1325,232
"164",164,"BART","BART_S_T0_P08",100,"25",65.8095579572811,1.24868354685045,39.0981123824211,44.06388,-71.28731,6.2,1325,232
"165",165,"BART","BART_S_T0_P11",100,"25",46.9840503630401,1.2472826919522,33.892347765333,44.06388,-71.28731,6.2,1325,232
"166",166,"GRSM","GRSM_S_T0_P20",100,"25",32.5762556531786,1.26956619215565,34.0457490948213,35.68896,-83.50195,13.1,1375,579
"167",167,"GRSM","GRSM_S_T0_P25",100,"25",40.3651319089175,1.25097110892966,46.9169339393337,35.68896,-83.50195,13.1,1375,579
"168",168,"GRSM","GRSM_S_T0_P27",100,"25",29.4706035640546,1.24674481438315,49.8293200782443,35.68896,-83.50195,13.1,1375,579
"169",169,"LENO","LENO_S_T0_P15",100,"25",27.1707810918152,1.24955515750486,38.5461582620088,31.85388,-88.16122,18.1,1386,20
"170",170,"LENO","LENO_S_T0_P31",100,"25",34.4684664500952,1.270289879251,37.1813044067407,31.85388,-88.16122,18.1,1386,20
"171",171,"LENO","LENO_S_T0_P36",100,"25",25.3419131393036,1.248995807849,34.6286273923052,31.85388,-88.16122,18.1,1386,20
"172",172,"SERC","SERC_S_T0_P10",100,"25",25.2673985295597,1.25965037672556,35.0083130451436,38.89008,-76.56001,13.6,1075,15
"173",173,"SERC","SERC_S_T0_P20",100,"25",24.553204292448,1.24581287829803,49.0540259118187,38.89008,-76.56001,13.6,1075,15
"174",174,"SERC","SERC_S_T0_P28",100,"25",36.1546131737931,1.25681708667456,45.2277091276495,38.89008,-76.56001,13.6,1075,15
"175",175,"TALL","TALL_S_T0_P23",100,"25",15.47117653962,1.2551557374349,50.2440928893962,32.95046,-87.39327,17.2,1383,135
"176",176,"TALL","TALL_S_T0_P27",100,"25",19.3613570132512,1.24430523692372,46.4515965179719,32.95046,-87.39327,17.2,1383,135
"177",177,"TALL","TALL_S_T0_P32",100,"25",15.1098901098901,1.26049711479856,45.14221534758,32.95046,-87.39327,17.2,1383,135
"178",178,"TREE","TREE_S_T0_P13",100,"25",36.9496159877759,1.26669173324686,45.7836399509551,45.49369,-89.58571,4.8,797,472
"179",179,"TREE","TREE_S_T0_P19",100,"25",23.2369255150554,1.24831945966897,47.7543832461133,45.49369,-89.58571,4.8,797,472
"180",180,"TREE","TREE_S_T0_P34",100,"25",15.7744852033297,1.25188273459309,48.4160037904185,45.49369,-89.58571,4.8,797,472
"181",181,"BART","BART_S_T0_P22",20,"15",46.6349975046671,1.24503611109997,3.10583699402859,44.06388,-71.28731,6.2,1325,232
"182",182,"BART","BART_S_T0_P23",20,"15",59.054321106666,1.25413075524372,0.683123041227753,44.06388,-71.28731,6.2,1325,232
"183",183,"BART","BART_S_T0_P26",20,"15",65.5514067063477,1.24708441919889,0.713878955188298,44.06388,-71.28731,6.2,1325,232
"184",184,"GRSM","GRSM_S_T0_P14",20,"15",21.9657229808192,1.25325333363238,0.808093160925702,35.68896,-83.50195,13.1,1375,579
"185",185,"GRSM","GRSM_S_T0_P22",20,"15",36.7886951822421,1.252431025769,0.729326258956624,35.68896,-83.50195,13.1,1375,579
"186",186,"GRSM","GRSM_S_T0_P26",20,"15",54.3591937122386,1.25213735727843,0.887630183627116,35.68896,-83.50195,13.1,1375,579
"187",187,"LENO","LENO_S_T0_P02",20,"15",23.1013955303991,1.25121196230354,0.974729887021676,31.85388,-88.16122,18.1,1386,20
"188",188,"LENO","LENO_S_T0_P08",20,"15",23.9842932970263,1.2608592982652,1.38387217612495,31.85388,-88.16122,18.1,1386,20
"189",189,"LENO","LENO_S_T0_P12",20,"15",48.0827778330514,1.2619520110291,1.12644317426741,31.85388,-88.16122,18.1,1386,20
"190",190,"SERC","SERC_S_T0_P08",20,"15",29.0457837448646,1.25922847951857,1.05991143436889,38.89008,-76.56001,13.6,1075,15
"191",191,"SERC","SERC_S_T0_P09",20,"15",30.413087294288,1.26655533502829,0.842128878119949,38.89008,-76.56001,13.6,1075,15
"192",192,"SERC","SERC_S_T0_P19",20,"15",28.1284429754415,1.25912343367338,1.19327874694997,38.89008,-76.56001,13.6,1075,15
"193",193,"TALL","TALL_S_T0_P08",20,"15",36.7844590360461,1.25027463119002,1.49457427856303,32.95046,-87.39327,17.2,1383,135
"194",194,"TALL","TALL_S_T0_P09",20,"15",10.9291642948862,1.24098651832576,0.71884015196137,32.95046,-87.39327,17.2,1383,135
"195",195,"TALL","TALL_S_T0_P29",20,"15",5.9132227532565,1.24670636197803,2.72773135486375,32.95046,-87.39327,17.2,1383,135
"196",196,"TREE","TREE_S_T0_P04",20,"15",32.5244626492066,1.25743377972685,0.837018938250127,45.49369,-89.58571,4.8,797,472
"197",197,"TREE","TREE_S_T0_P14",20,"15",29.4884392484007,1.25021043069447,1.90541739243527,45.49369,-89.58571,4.8,797,472
"198",198,"TREE","TREE_S_T0_P15",20,"15",20.4167675300573,1.25890355202152,1.60354698369485,45.49369,-89.58571,4.8,797,472
"199",199,"BART","BART_S_T0_P22",40,"15",46.6349975046671,1.25481297515249,19.2391187199153,44.06388,-71.28731,6.2,1325,232
"200",200,"BART","BART_S_T0_P23",40,"15",59.054321106666,1.23844172749184,23.3992676557843,44.06388,-71.28731,6.2,1325,232
"201",201,"BART","BART_S_T0_P26",40,"15",65.5514067063477,1.26838237855149,23.4667167922135,44.06388,-71.28731,6.2,1325,232
"202",202,"GRSM","GRSM_S_T0_P14",40,"15",21.9657229808192,1.25418474730482,22.1468175505257,35.68896,-83.50195,13.1,1375,579
"203",203,"GRSM","GRSM_S_T0_P22",40,"15",36.7886951822421,1.25634669958443,18.2272697648007,35.68896,-83.50195,13.1,1375,579
"204",204,"GRSM","GRSM_S_T0_P26",40,"15",54.3591937122386,1.26977283244412,18.8983111765426,35.68896,-83.50195,13.1,1375,579
"205",205,"LENO","LENO_S_T0_P02",40,"15",23.1013955303991,1.24495417810275,15.5049241952561,31.85388,-88.16122,18.1,1386,20
"206",206,"LENO","LENO_S_T0_P08",40,"15",23.9842932970263,1.26652733850733,14.3654550164572,31.85388,-88.16122,18.1,1386,20
"207",207,"LENO","LENO_S_T0_P12",40,"15",48.0827778330514,1.24950909628467,18.9127446726201,31.85388,-88.16122,18.1,1386,20
"208",208,"SERC","SERC_S_T0_P08",40,"15",29.0457837448646,1.24141629060561,15.1708776966541,38.89008,-76.56001,13.6,1075,15
"209",209,"SERC","SERC_S_T0_P09",40,"15",30.413087294288,1.23958735214937,14.7736272215409,38.89008,-76.56001,13.6,1075,15
"210",210,"SERC","SERC_S_T0_P19",40,"15",28.1284429754415,1.24566209168755,17.2516900439222,38.89008,-76.56001,13.6,1075,15
"211",211,"TALL","TALL_S_T0_P08",40,"15",36.7844590360461,1.2573984268592,17.1547939968731,32.95046,-87.39327,17.2,1383,135
"212",212,"TALL","TALL_S_T0_P09",40,"15",10.9291642948862,1.25213064114272,14.3848289791202,32.95046,-87.39327,17.2,1383,135
"213",213,"TALL","TALL_S_T0_P29",40,"15",5.9132227532565,1.24778849923545,14.112845857002,32.95046,-87.39327,17.2,1383,135
"214",214,"TREE","TREE_S_T0_P04",40,"15",32.5244626492066,1.25219091266185,17.9258265167556,45.49369,-89.58571,4.8,797,472
"215",215,"TREE","TREE_S_T0_P14",40,"15",29.4884392484007,1.25530276836117,22.938531068414,45.49369,-89.58571,4.8,797,472
"216",216,"TREE","TREE_S_T0_P15",40,"15",20.4167675300573,1.25355319754849,16.308843145465,45.49369,-89.58571,4.8,797,472
"217",217,"BART","BART_S_T0_P22",60,"15",46.6349975046671,1.23464376407158,28.5850787698178,44.06388,-71.28731,6.2,1325,232
"218",218,"BART","BART_S_T0_P23",60,"15",59.054321106666,1.23707573273944,32.7198644555829,44.06388,-71.28731,6.2,1325,232
"219",219,"BART","BART_S_T0_P26",60,"15",65.5514067063477,1.24799909351002,32.1884387168931,44.06388,-71.28731,6.2,1325,232
"220",220,"GRSM","GRSM_S_T0_P14",60,"15",21.9657229808192,1.25538094171899,27.4256826022099,35.68896,-83.50195,13.1,1375,579
"221",221,"GRSM","GRSM_S_T0_P22",60,"15",36.7886951822421,1.25196806002994,31.5694696453273,35.68896,-83.50195,13.1,1375,579
"222",222,"GRSM","GRSM_S_T0_P26",60,"15",54.3591937122386,1.27346306398808,35.5942793276816,35.68896,-83.50195,13.1,1375,579
"223",223,"LENO","LENO_S_T0_P02",60,"15",23.1013955303991,1.2537450861953,24.5498439382812,31.85388,-88.16122,18.1,1386,20
"224",224,"LENO","LENO_S_T0_P08",60,"15",23.9842932970263,1.26711232127645,23.6977216379951,31.85388,-88.16122,18.1,1386,20
"225",225,"LENO","LENO_S_T0_P12",60,"15",48.0827778330514,1.25844660499919,25.6497776547643,31.85388,-88.16122,18.1,1386,20
"226",226,"SERC","SERC_S_T0_P08",60,"15",29.0457837448646,1.26656581411738,27.2903027819071,38.89008,-76.56001,13.6,1075,15
"227",227,"SERC","SERC_S_T0_P09",60,"15",30.413087294288,1.24456607089827,24.1423027276978,38.89008,-76.56001,13.6,1075,15
"228",228,"SERC","SERC_S_T0_P19",60,"15",28.1284429754415,1.2596744577317,25.1386265731319,38.89008,-76.56001,13.6,1075,15
"229",229,"TALL","TALL_S_T0_P08",60,"15",36.7844590360461,1.233044210289,20.2843963851843,32.95046,-87.39327,17.2,1383,135
"230",230,"TALL","TALL_S_T0_P09",60,"15",10.9291642948862,1.25284378367532,22.8678257882515,32.95046,-87.39327,17.2,1383,135
"231",231,"TALL","TALL_S_T0_P29",60,"15",5.9132227532565,1.25062489513555,20.1382054211742,32.95046,-87.39327,17.2,1383,135
"232",232,"TREE","TREE_S_T0_P04",60,"15",32.5244626492066,1.25624638533149,22.4530460382607,45.49369,-89.58571,4.8,797,472
"233",233,"TREE","TREE_S_T0_P14",60,"15",29.4884392484007,1.25692331427548,25.4881922532635,45.49369,-89.58571,4.8,797,472
"234",234,"TREE","TREE_S_T0_P15",60,"15",20.4167675300573,1.2542493366348,23.8444117135683,45.49369,-89.58571,4.8,797,472
"235",235,"BART","BART_S_T0_P22",80,"15",46.6349975046671,1.2476176912281,26.9356255092844,44.06388,-71.28731,6.2,1325,232
"236",236,"BART","BART_S_T0_P23",80,"15",59.054321106666,1.24123364697944,31.8933139045976,44.06388,-71.28731,6.2,1325,232
"237",237,"BART","BART_S_T0_P26",80,"15",65.5514067063477,1.24323741411351,32.0623761665304,44.06388,-71.28731,6.2,1325,232
"238",238,"GRSM","GRSM_S_T0_P14",80,"15",21.9657229808192,1.24335285515436,29.4864288512519,35.68896,-83.50195,13.1,1375,579
"239",239,"GRSM","GRSM_S_T0_P22",80,"15",36.7886951822421,1.25841233836485,30.4233276950826,35.68896,-83.50195,13.1,1375,579
"240",240,"GRSM","GRSM_S_T0_P26",80,"15",54.3591937122386,1.25924515585195,30.1041949152221,35.68896,-83.50195,13.1,1375,579
"241",241,"LENO","LENO_S_T0_P02",80,"15",23.1013955303991,1.2509100676949,22.5716505953512,31.85388,-88.16122,18.1,1386,20
"242",242,"LENO","LENO_S_T0_P08",80,"15",23.9842932970263,1.23903338072483,28.5097929334926,31.85388,-88.16122,18.1,1386,20
"243",243,"LENO","LENO_S_T0_P12",80,"15",48.0827778330514,1.25700674993808,26.3756906771552,31.85388,-88.16122,18.1,1386,20
"244",244,"SERC","SERC_S_T0_P08",80,"15",29.0457837448646,1.25631790337579,24.3484710204424,38.89008,-76.56001,13.6,1075,15
"245",245,"SERC","SERC_S_T0_P09",80,"15",30.413087294288,1.24444461242346,25.5755017415549,38.89008,-76.56001,13.6,1075,15
"246",246,"SERC","SERC_S_T0_P19",80,"15",28.1284429754415,1.30914154879175,19.8210703032044,38.89008,-76.56001,13.6,1075,15
"247",247,"TALL","TALL_S_T0_P08",80,"15",36.7844590360461,1.24840988878937,25.8942509693919,32.95046,-87.39327,17.2,1383,135
"248",248,"TALL","TALL_S_T0_P09",80,"15",10.9291642948862,1.25568263037014,24.0599497127972,32.95046,-87.39327,17.2,1383,135
"249",249,"TALL","TALL_S_T0_P29",80,"15",5.9132227532565,1.25640584493387,24.0496902738829,32.95046,-87.39327,17.2,1383,135
"250",250,"TREE","TREE_S_T0_P04",80,"15",32.5244626492066,1.25078160267983,24.1645538654643,45.49369,-89.58571,4.8,797,472
"251",251,"TREE","TREE_S_T0_P14",80,"15",29.4884392484007,1.25641422805765,29.416213246138,45.49369,-89.58571,4.8,797,472
"252",252,"TREE","TREE_S_T0_P15",80,"15",20.4167675300573,1.25663494223753,25.1544657393116,45.49369,-89.58571,4.8,797,472
"253",253,"BART","BART_S_T0_P22",100,"15",46.6349975046671,1.24183778184462,23.8179144785433,44.06388,-71.28731,6.2,1325,232
"254",254,"BART","BART_S_T0_P23",100,"15",59.054321106666,1.24317883537849,29.1460368813235,44.06388,-71.28731,6.2,1325,232
"255",255,"BART","BART_S_T0_P26",100,"15",65.5514067063477,1.23959883250864,33.4799204334347,44.06388,-71.28731,6.2,1325,232
"256",256,"GRSM","GRSM_S_T0_P14",100,"15",21.9657229808192,1.26544435280338,28.0187173369506,35.68896,-83.50195,13.1,1375,579
"257",257,"GRSM","GRSM_S_T0_P22",100,"15",36.7886951822421,1.26530701628743,25.1434978810176,35.68896,-83.50195,13.1,1375,579
"258",258,"GRSM","GRSM_S_T0_P26",100,"15",54.3591937122386,1.25368447305647,26.1100476020608,35.68896,-83.50195,13.1,1375,579
"259",259,"LENO","LENO_S_T0_P02",100,"15",23.1013955303991,1.24742231340613,27.2962256853075,31.85388,-88.16122,18.1,1386,20
"260",260,"LENO","LENO_S_T0_P08",100,"15",23.9842932970263,1.24365612238257,28.4906082927795,31.85388,-88.16122,18.1,1386,20
"261",261,"LENO","LENO_S_T0_P12",100,"15",48.0827778330514,1.28590935144875,22.7463046195063,31.85388,-88.16122,18.1,1386,20
"262",262,"SERC","SERC_S_T0_P08",100,"15",29.0457837448646,1.26326292283058,27.3659583870145,38.89008,-76.56001,13.6,1075,15
"263",263,"SERC","SERC_S_T0_P09",100,"15",30.413087294288,1.2466289168456,24.196698819779,38.89008,-76.56001,13.6,1075,15
"264",264,"SERC","SERC_S_T0_P19",100,"15",28.1284429754415,1.30136801409635,20.6787051431174,38.89008,-76.56001,13.6,1075,15
"265",265,"TALL","TALL_S_T0_P08",100,"15",36.7844590360461,1.25110045672998,20.454515851779,32.95046,-87.39327,17.2,1383,135
"266",266,"TALL","TALL_S_T0_P09",100,"15",10.9291642948862,1.25300422634898,27.5288065364361,32.95046,-87.39327,17.2,1383,135
"267",267,"TALL","TALL_S_T0_P29",100,"15",5.9132227532565,1.25676895673648,25.4713035269892,32.95046,-87.39327,17.2,1383,135
"268",268,"TREE","TREE_S_T0_P04",100,"15",32.5244626492066,1.25056736339553,27.6983770853582,45.49369,-89.58571,4.8,797,472
"269",269,"TREE","TREE_S_T0_P14",100,"15",29.4884392484007,1.2490238845011,30.2486323657377,45.49369,-89.58571,4.8,797,472
"270",270,"TREE","TREE_S_T0_P15",100,"15",20.4167675300573,1.25241141606554,23.5546694136203,45.49369,-89.58571,4.8,797,472
"271",271,"BART","BART_S_T0_P22",20,"25",46.6349975046671,1.26312489811561,16.9493337849765,44.06388,-71.28731,6.2,1325,232
"272",272,"BART","BART_S_T0_P23",20,"25",59.054321106666,1.27078700935944,17.2135823758493,44.06388,-71.28731,6.2,1325,232
"273",273,"BART","BART_S_T0_P26",20,"25",65.5514067063477,1.25883223535098,12.8220208154676,44.06388,-71.28731,6.2,1325,232
"274",274,"GRSM","GRSM_S_T0_P14",20,"25",21.9657229808192,1.25448703985952,15.2239628992014,35.68896,-83.50195,13.1,1375,579
"275",275,"GRSM","GRSM_S_T0_P22",20,"25",36.7886951822421,1.26669317162274,21.3208013747844,35.68896,-83.50195,13.1,1375,579
"276",276,"GRSM","GRSM_S_T0_P26",20,"25",54.3591937122386,1.25508485985494,8.64955886869677,35.68896,-83.50195,13.1,1375,579
"277",277,"LENO","LENO_S_T0_P02",20,"25",23.1013955303991,1.24021675616602,6.10736521455109,31.85388,-88.16122,18.1,1386,20
"278",278,"LENO","LENO_S_T0_P08",20,"25",23.9842932970263,1.2750552631711,7.04307059144209,31.85388,-88.16122,18.1,1386,20
"279",279,"LENO","LENO_S_T0_P12",20,"25",48.0827778330514,1.25679300039166,22.8030370649434,31.85388,-88.16122,18.1,1386,20
"280",280,"SERC","SERC_S_T0_P08",20,"25",29.0457837448646,1.25018824372963,14.4049211150521,38.89008,-76.56001,13.6,1075,15
"281",281,"SERC","SERC_S_T0_P09",20,"25",30.413087294288,1.24931858210964,11.9275235115804,38.89008,-76.56001,13.6,1075,15
"282",282,"SERC","SERC_S_T0_P19",20,"25",28.1284429754415,1.24845549777968,7.25635819619684,38.89008,-76.56001,13.6,1075,15
"283",283,"TALL","TALL_S_T0_P08",20,"25",36.7844590360461,1.26055138900812,13.2417700658868,32.95046,-87.39327,17.2,1383,135
"284",284,"TALL","TALL_S_T0_P09",20,"25",10.9291642948862,1.25408049317974,8.23566957975707,32.95046,-87.39327,17.2,1383,135
"285",285,"TALL","TALL_S_T0_P29",20,"25",5.9132227532565,1.25344666253847,10.0131902000029,32.95046,-87.39327,17.2,1383,135
"286",286,"TREE","TREE_S_T0_P04",20,"25",32.5244626492066,1.25408509995132,11.9283613547862,45.49369,-89.58571,4.8,797,472
"287",287,"TREE","TREE_S_T0_P14",20,"25",29.4884392484007,1.25243762002785,12.7182709549518,45.49369,-89.58571,4.8,797,472
"288",288,"TREE","TREE_S_T0_P15",20,"25",20.4167675300573,1.26103545474494,12.3183021177953,45.49369,-89.58571,4.8,797,472
"289",289,"BART","BART_S_T0_P22",40,"25",46.6349975046671,1.24447087735151,41.5023168049318,44.06388,-71.28731,6.2,1325,232
"290",290,"BART","BART_S_T0_P23",40,"25",59.054321106666,1.24346711431145,36.9340160705201,44.06388,-71.28731,6.2,1325,232
"291",291,"BART","BART_S_T0_P26",40,"25",65.5514067063477,1.25436331432937,45.7136980152144,44.06388,-71.28731,6.2,1325,232
"292",292,"GRSM","GRSM_S_T0_P14",40,"25",21.9657229808192,1.24257148873377,95.503776566152,35.68896,-83.50195,13.1,1375,579
"293",293,"GRSM","GRSM_S_T0_P22",40,"25",36.7886951822421,1.2604389841826,45.2969520294545,35.68896,-83.50195,13.1,1375,579
"294",294,"GRSM","GRSM_S_T0_P26",40,"25",54.3591937122386,1.27044363371852,42.8859495575932,35.68896,-83.50195,13.1,1375,579
"295",295,"LENO","LENO_S_T0_P02",40,"25",23.1013955303991,1.23865819979854,50.3322999831575,31.85388,-88.16122,18.1,1386,20
"296",296,"LENO","LENO_S_T0_P08",40,"25",23.9842932970263,1.25292787687469,37.9030592321945,31.85388,-88.16122,18.1,1386,20
"297",297,"LENO","LENO_S_T0_P12",40,"25",48.0827778330514,1.25202640924935,46.1337059784711,31.85388,-88.16122,18.1,1386,20
"298",298,"SERC","SERC_S_T0_P08",40,"25",29.0457837448646,1.25505346809051,50.2854028343116,38.89008,-76.56001,13.6,1075,15
"299",299,"SERC","SERC_S_T0_P09",40,"25",30.413087294288,1.24467162561454,47.6368111009755,38.89008,-76.56001,13.6,1075,15
"300",300,"SERC","SERC_S_T0_P19",40,"25",28.1284429754415,1.24356712294102,39.6534646063337,38.89008,-76.56001,13.6,1075,15
"301",301,"TALL","TALL_S_T0_P08",40,"25",36.7844590360461,1.24663573728872,49.1827036236889,32.95046,-87.39327,17.2,1383,135
"302",302,"TALL","TALL_S_T0_P09",40,"25",10.9291642948862,1.25321491446436,42.7740424712003,32.95046,-87.39327,17.2,1383,135
"303",303,"TALL","TALL_S_T0_P29",40,"25",5.9132227532565,1.25265672370302,46.9371148680275,32.95046,-87.39327,17.2,1383,135
"304",304,"TREE","TREE_S_T0_P04",40,"25",32.5244626492066,1.25943782099901,34.8666005440859,45.49369,-89.58571,4.8,797,472
"305",305,"TREE","TREE_S_T0_P14",40,"25",29.4884392484007,1.24662862640575,36.9339431834839,45.49369,-89.58571,4.8,797,472
"306",306,"TREE","TREE_S_T0_P15",40,"25",20.4167675300573,1.24942844856068,36.5824950250222,45.49369,-89.58571,4.8,797,472
"307",307,"BART","BART_S_T0_P22",60,"25",46.6349975046671,1.25727341334502,44.5330137475397,44.06388,-71.28731,6.2,1325,232
"308",308,"BART","BART_S_T0_P23",60,"25",59.054321106666,1.24953634729123,37.2420600921642,44.06388,-71.28731,6.2,1325,232
"309",309,"BART","BART_S_T0_P26",60,"25",65.5514067063477,1.23926742519615,56.0624597458884,44.06388,-71.28731,6.2,1325,232
"310",310,"GRSM","GRSM_S_T0_P14",60,"25",21.9657229808192,1.28605521633979,47.8725498129409,35.68896,-83.50195,13.1,1375,579
"311",311,"GRSM","GRSM_S_T0_P22",60,"25",36.7886951822421,1.26431536038183,44.5422163648148,35.68896,-83.50195,13.1,1375,579
"312",312,"GRSM","GRSM_S_T0_P26",60,"25",54.3591937122386,1.29015841024765,46.1404056784295,35.68896,-83.50195,13.1,1375,579
"313",313,"LENO","LENO_S_T0_P02",60,"25",23.1013955303991,1.26157877528756,54.5561692006851,31.85388,-88.16122,18.1,1386,20
"314",314,"LENO","LENO_S_T0_P08",60,"25",23.9842932970263,1.23839817014243,44.093788808604,31.85388,-88.16122,18.1,1386,20
"315",315,"LENO","LENO_S_T0_P12",60,"25",48.0827778330514,1.242868106661,44.2021377831369,31.85388,-88.16122,18.1,1386,20
"316",316,"SERC","SERC_S_T0_P08",60,"25",29.0457837448646,1.25156687743934,42.4575153538485,38.89008,-76.56001,13.6,1075,15
"317",317,"SERC","SERC_S_T0_P09",60,"25",30.413087294288,1.25381227261283,42.7318458371014,38.89008,-76.56001,13.6,1075,15
"318",318,"SERC","SERC_S_T0_P19",60,"25",28.1284429754415,1.23775695972217,45.4598380233868,38.89008,-76.56001,13.6,1075,15
"319",319,"TALL","TALL_S_T0_P08",60,"25",36.7844590360461,1.25417055003195,44.9309477082109,32.95046,-87.39327,17.2,1383,135
"320",320,"TALL","TALL_S_T0_P09",60,"25",10.9291642948862,1.26264099975592,47.7516187082994,32.95046,-87.39327,17.2,1383,135
"321",321,"TALL","TALL_S_T0_P29",60,"25",5.9132227532565,1.24533755262008,45.6743242151691,32.95046,-87.39327,17.2,1383,135
"322",322,"TREE","TREE_S_T0_P04",60,"25",32.5244626492066,1.2433433445291,50.6759010043042,45.49369,-89.58571,4.8,797,472
"323",323,"TREE","TREE_S_T0_P14",60,"25",29.4884392484007,1.24170252752657,53.6419688638268,45.49369,-89.58571,4.8,797,472
"324",324,"TREE","TREE_S_T0_P15",60,"25",20.4167675300573,1.24555883579648,37.1924999203079,45.49369,-89.58571,4.8,797,472
"325",325,"BART","BART_S_T0_P22",80,"25",46.6349975046671,1.24718765543306,43.7650140871291,44.06388,-71.28731,6.2,1325,232
"326",326,"BART","BART_S_T0_P23",80,"25",59.054321106666,1.25597033372284,46.2832980565068,44.06388,-71.28731,6.2,1325,232
"327",327,"BART","BART_S_T0_P26",80,"25",65.5514067063477,1.25286585060717,47.0679131590597,44.06388,-71.28731,6.2,1325,232
"328",328,"GRSM","GRSM_S_T0_P14",80,"25",21.9657229808192,1.25099521665045,40.7436146784554,35.68896,-83.50195,13.1,1375,579
"329",329,"GRSM","GRSM_S_T0_P22",80,"25",36.7886951822421,1.25499534849464,48.3354754176487,35.68896,-83.50195,13.1,1375,579
"330",330,"GRSM","GRSM_S_T0_P26",80,"25",54.3591937122386,1.25352306179313,37.4393984370361,35.68896,-83.50195,13.1,1375,579
"331",331,"LENO","LENO_S_T0_P02",80,"25",23.1013955303991,1.2546514293771,59.0950367539281,31.85388,-88.16122,18.1,1386,20
"332",332,"LENO","LENO_S_T0_P08",80,"25",23.9842932970263,1.23730345749688,50.4012791122104,31.85388,-88.16122,18.1,1386,20
"333",333,"LENO","LENO_S_T0_P12",80,"25",48.0827778330514,1.26597729145507,46.4577716247689,31.85388,-88.16122,18.1,1386,20
"334",334,"SERC","SERC_S_T0_P08",80,"25",29.0457837448646,1.26536517962661,48.2559434071076,38.89008,-76.56001,13.6,1075,15
"335",335,"SERC","SERC_S_T0_P09",80,"25",30.413087294288,1.23522525228598,47.6728972304374,38.89008,-76.56001,13.6,1075,15
"336",336,"SERC","SERC_S_T0_P19",80,"25",28.1284429754415,1.24969241732246,44.6974155986887,38.89008,-76.56001,13.6,1075,15
"337",337,"TALL","TALL_S_T0_P08",80,"25",36.7844590360461,1.29477578763784,41.1750902176038,32.95046,-87.39327,17.2,1383,135
"338",338,"TALL","TALL_S_T0_P09",80,"25",10.9291642948862,1.25008944256543,47.0779493418706,32.95046,-87.39327,17.2,1383,135
"339",339,"TALL","TALL_S_T0_P29",80,"25",5.9132227532565,1.24977783550217,42.6874678001565,32.95046,-87.39327,17.2,1383,135
"340",340,"TREE","TREE_S_T0_P04",80,"25",32.5244626492066,1.26105516571049,44.69600916174,45.49369,-89.58571,4.8,797,472
"341",341,"TREE","TREE_S_T0_P14",80,"25",29.4884392484007,1.24942021322087,47.763505445213,45.49369,-89.58571,4.8,797,472
"342",342,"TREE","TREE_S_T0_P15",80,"25",20.4167675300573,1.25485088004374,39.6182276518644,45.49369,-89.58571,4.8,797,472
"343",343,"BART","BART_S_T0_P22",100,"25",46.6349975046671,1.2447944107012,36.8419326372248,44.06388,-71.28731,6.2,1325,232
"344",344,"BART","BART_S_T0_P23",100,"25",59.054321106666,1.26390174186642,38.368870913862,44.06388,-71.28731,6.2,1325,232
"345",345,"BART","BART_S_T0_P26",100,"25",65.5514067063477,1.25337701549291,47.2969594638243,44.06388,-71.28731,6.2,1325,232
"346",346,"GRSM","GRSM_S_T0_P14",100,"25",21.9657229808192,1.27331795722964,45.4309844323145,35.68896,-83.50195,13.1,1375,579
"347",347,"GRSM","GRSM_S_T0_P22",100,"25",36.7886951822421,1.25350516097059,45.7976269015916,35.68896,-83.50195,13.1,1375,579
"348",348,"GRSM","GRSM_S_T0_P26",100,"25",54.3591937122386,1.24934110088751,37.2765164558003,35.68896,-83.50195,13.1,1375,579
"349",349,"LENO","LENO_S_T0_P02",100,"25",23.1013955303991,1.23796093515175,48.5183815209451,31.85388,-88.16122,18.1,1386,20
"350",350,"LENO","LENO_S_T0_P08",100,"25",23.9842932970263,1.24781422477374,55.8424675541013,31.85388,-88.16122,18.1,1386,20
"351",351,"LENO","LENO_S_T0_P12",100,"25",48.0827778330514,1.25722991183037,41.2879363724394,31.85388,-88.16122,18.1,1386,20
"352",352,"SERC","SERC_S_T0_P08",100,"25",29.0457837448646,1.25198858178749,39.5458186879313,38.89008,-76.56001,13.6,1075,15
"353",353,"SERC","SERC_S_T0_P09",100,"25",30.413087294288,1.25289281319382,36.0038668484451,38.89008,-76.56001,13.6,1075,15
"354",354,"SERC","SERC_S_T0_P19",100,"25",28.1284429754415,1.25746927890083,38.8413073864361,38.89008,-76.56001,13.6,1075,15
"355",355,"TALL","TALL_S_T0_P08",100,"25",36.7844590360461,1.24469977875537,49.7686084121971,32.95046,-87.39327,17.2,1383,135
"356",356,"TALL","TALL_S_T0_P09",100,"25",10.9291642948862,1.25353351026548,51.764224355753,32.95046,-87.39327,17.2,1383,135
"357",357,"TALL","TALL_S_T0_P29",100,"25",5.9132227532565,1.2532314610949,41.4304423708737,32.95046,-87.39327,17.2,1383,135
"358",358,"TREE","TREE_S_T0_P04",100,"25",32.5244626492066,1.25640629406188,47.5518093487179,45.49369,-89.58571,4.8,797,472
"359",359,"TREE","TREE_S_T0_P14",100,"25",29.4884392484007,1.2533405949995,41.1109993176509,45.49369,-89.58571,4.8,797,472
"360",360,"TREE","TREE_S_T0_P15",100,"25",20.4167675300573,1.25816575957911,42.5022964025812,45.49369,-89.58571,4.8,797,472
"361",361,"BART","BART_S_T0_P03",20,"15",67.4084353471774,1.2568908643371,6.09531641068167,44.06388,-71.28731,6.2,1325,232
"362",362,"BART","BART_S_T0_P20",20,"15",49.1469534050179,1.24989370464336,5.26786701178354,44.06388,-71.28731,6.2,1325,232
"363",363,"BART","BART_S_T0_P21",20,"15",54.4092102605534,1.25880085643429,3.5153542002708,44.06388,-71.28731,6.2,1325,232
"364",364,"GRSM","GRSM_S_T0_P03",20,"15",48.0938006037464,1.24212117031843,3.84264649007818,35.68896,-83.50195,13.1,1375,579
"365",365,"GRSM","GRSM_S_T0_P05",20,"15",27.906708897207,1.25676080704178,3.92534874669322,35.68896,-83.50195,13.1,1375,579
"366",366,"GRSM","GRSM_S_T0_P19",20,"15",32.6614198522325,1.26642202165798,4.18841099248925,35.68896,-83.50195,13.1,1375,579
"367",367,"LENO","LENO_S_T0_P04",20,"15",27.9500535945991,1.23838236296771,2.41884784877749,31.85388,-88.16122,18.1,1386,20
"368",368,"LENO","LENO_S_T0_P21",20,"15",24.6188527021415,1.25298627847435,3.32515664505074,31.85388,-88.16122,18.1,1386,20
"369",369,"LENO","LENO_S_T0_P34",20,"15",28.0943745659387,1.24391017442928,2.619377225254,31.85388,-88.16122,18.1,1386,20
"370",370,"SERC","SERC_S_T0_P06",20,"15",36.3874244814715,1.25317297824678,4.31620047282902,38.89008,-76.56001,13.6,1075,15
"371",371,"SERC","SERC_S_T0_P24",20,"15",30.3151192005984,1.25239647641925,5.04309153596023,38.89008,-76.56001,13.6,1075,15
"372",372,"SERC","SERC_S_T0_P25",20,"15",26.969059777711,1.25998732310897,3.25457736180519,38.89008,-76.56001,13.6,1075,15
"373",373,"TALL","TALL_S_T0_P05",20,"15",17.9817498658078,1.24324726150459,4.13773103690721,32.95046,-87.39327,17.2,1383,135
"374",374,"TALL","TALL_S_T0_P06",20,"15",18.104644397034,1.23544782054418,4.54196921779067,32.95046,-87.39327,17.2,1383,135
"375",375,"TALL","TALL_S_T0_P28",20,"15",10.5925925925925,1.26116356766533,4.49615869522694,32.95046,-87.39327,17.2,1383,135
"376",376,"TREE","TREE_S_T0_P11",20,"15",47.4620764282708,1.24288569736567,5.15322697763386,45.49369,-89.58571,4.8,797,472
"377",377,"TREE","TREE_S_T0_P31",20,"15",17.852323115481,1.25186699270435,4.44305074557439,45.49369,-89.58571,4.8,797,472
"378",378,"TREE","TREE_S_T0_P35",20,"15",16.5806618716502,1.27954691511795,3.9998861065681,45.49369,-89.58571,4.8,797,472
"379",379,"BART","BART_S_T0_P03",40,"15",67.4084353471774,1.24049434237309,23.5134284731004,44.06388,-71.28731,6.2,1325,232
"380",380,"BART","BART_S_T0_P20",40,"15",49.1469534050179,1.2641865955179,25.3681754125269,44.06388,-71.28731,6.2,1325,232
"381",381,"BART","BART_S_T0_P21",40,"15",54.4092102605534,1.2387413379841,25.3822836900002,44.06388,-71.28731,6.2,1325,232
"382",382,"GRSM","GRSM_S_T0_P03",40,"15",48.0938006037464,1.26441497571446,24.5021383304851,35.68896,-83.50195,13.1,1375,579
"383",383,"GRSM","GRSM_S_T0_P05",40,"15",27.906708897207,1.2523191122229,22.6536076827683,35.68896,-83.50195,13.1,1375,579
"384",384,"GRSM","GRSM_S_T0_P19",40,"15",32.6614198522325,1.25659358733009,19.2504570465443,35.68896,-83.50195,13.1,1375,579
"385",385,"LENO","LENO_S_T0_P04",40,"15",27.9500535945991,1.24417422187436,24.5730998110243,31.85388,-88.16122,18.1,1386,20
"386",386,"LENO","LENO_S_T0_P21",40,"15",24.6188527021415,1.25030912740579,19.642761673147,31.85388,-88.16122,18.1,1386,20
"387",387,"LENO","LENO_S_T0_P34",40,"15",28.0943745659387,1.26658434037511,20.8466760264926,31.85388,-88.16122,18.1,1386,20
"388",388,"SERC","SERC_S_T0_P06",40,"15",36.3874244814715,1.25711537652948,22.1180073983996,38.89008,-76.56001,13.6,1075,15
"389",389,"SERC","SERC_S_T0_P24",40,"15",30.3151192005984,1.26532347817793,21.1553220638403,38.89008,-76.56001,13.6,1075,15
"390",390,"SERC","SERC_S_T0_P25",40,"15",26.969059777711,1.24666131831896,18.2154812694328,38.89008,-76.56001,13.6,1075,15
"391",391,"TALL","TALL_S_T0_P05",40,"15",17.9817498658078,1.24493357931681,18.498815683946,32.95046,-87.39327,17.2,1383,135
"392",392,"TALL","TALL_S_T0_P06",40,"15",18.104644397034,1.23781416007334,16.8415518774253,32.95046,-87.39327,17.2,1383,135
"393",393,"TALL","TALL_S_T0_P28",40,"15",10.5925925925925,1.24612606067081,15.4823960952048,32.95046,-87.39327,17.2,1383,135
"394",394,"TREE","TREE_S_T0_P11",40,"15",47.4620764282708,1.23685013481786,20.9409626840409,45.49369,-89.58571,4.8,797,472
"395",395,"TREE","TREE_S_T0_P31",40,"15",17.852323115481,1.24831438175975,23.18175225771,45.49369,-89.58571,4.8,797,472
"396",396,"TREE","TREE_S_T0_P35",40,"15",16.5806618716502,1.25540381544563,22.3631728987834,45.49369,-89.58571,4.8,797,472
"397",397,"BART","BART_S_T0_P03",60,"15",67.4084353471774,1.26327578227479,35.4796454462827,44.06388,-71.28731,6.2,1325,232
"398",398,"BART","BART_S_T0_P20",60,"15",49.1469534050179,1.03564019368221,28.168644845297,44.06388,-71.28731,6.2,1325,232
"399",399,"BART","BART_S_T0_P21",60,"15",54.4092102605534,1.24681078763814,33.4402381210841,44.06388,-71.28731,6.2,1325,232
"400",400,"GRSM","GRSM_S_T0_P03",60,"15",48.0938006037464,1.25536154027077,33.5647402028397,35.68896,-83.50195,13.1,1375,579
"401",401,"GRSM","GRSM_S_T0_P05",60,"15",27.906708897207,1.2538686492121,29.3998723664865,35.68896,-83.50195,13.1,1375,579
"402",402,"GRSM","GRSM_S_T0_P19",60,"15",32.6614198522325,1.24054874176723,25.7765756375767,35.68896,-83.50195,13.1,1375,579
"403",403,"LENO","LENO_S_T0_P04",60,"15",27.9500535945991,1.24819508727595,25.8096064266852,31.85388,-88.16122,18.1,1386,20
"404",404,"LENO","LENO_S_T0_P21",60,"15",24.6188527021415,1.25349842214018,22.9865581857767,31.85388,-88.16122,18.1,1386,20
"405",405,"LENO","LENO_S_T0_P34",60,"15",28.0943745659387,1.25215691623243,23.0809217995055,31.85388,-88.16122,18.1,1386,20
"406",406,"SERC","SERC_S_T0_P06",60,"15",36.3874244814715,1.25428955663928,27.2548012367579,38.89008,-76.56001,13.6,1075,15
"407",407,"SERC","SERC_S_T0_P24",60,"15",30.3151192005984,1.26750875974117,25.1557967299723,38.89008,-76.56001,13.6,1075,15
"408",408,"SERC","SERC_S_T0_P25",60,"15",26.969059777711,1.24932359500698,25.1211438885388,38.89008,-76.56001,13.6,1075,15
"409",409,"TALL","TALL_S_T0_P05",60,"15",17.9817498658078,1.25025410705433,19.9505327329794,32.95046,-87.39327,17.2,1383,135
"410",410,"TALL","TALL_S_T0_P06",60,"15",18.104644397034,1.25111208781278,20.6194977356381,32.95046,-87.39327,17.2,1383,135
"411",411,"TALL","TALL_S_T0_P28",60,"15",10.5925925925925,1.26144125855639,20.2922864568065,32.95046,-87.39327,17.2,1383,135
"412",412,"TREE","TREE_S_T0_P11",60,"15",47.4620764282708,1.28740857119709,24.9592658585883,45.49369,-89.58571,4.8,797,472
"413",413,"TREE","TREE_S_T0_P31",60,"15",17.852323115481,1.25893606046276,25.8389429687693,45.49369,-89.58571,4.8,797,472
"414",414,"TREE","TREE_S_T0_P35",60,"15",16.5806618716502,1.24977595079285,25.6217239980391,45.49369,-89.58571,4.8,797,472
"415",415,"BART","BART_S_T0_P03",80,"15",67.4084353471774,1.2586322521271,35.4705706239944,44.06388,-71.28731,6.2,1325,232
"416",416,"BART","BART_S_T0_P20",80,"15",49.1469534050179,1.25932202062635,37.2290354198404,44.06388,-71.28731,6.2,1325,232
"417",417,"BART","BART_S_T0_P21",80,"15",54.4092102605534,1.25348981259285,31.3688456511974,44.06388,-71.28731,6.2,1325,232
"418",418,"GRSM","GRSM_S_T0_P03",80,"15",48.0938006037464,1.25477353932601,29.8318518183947,35.68896,-83.50195,13.1,1375,579
"419",419,"GRSM","GRSM_S_T0_P05",80,"15",27.906708897207,1.23502936066445,26.4483164171856,35.68896,-83.50195,13.1,1375,579
"420",420,"GRSM","GRSM_S_T0_P19",80,"15",32.6614198522325,1.24511459010092,30.8244904003132,35.68896,-83.50195,13.1,1375,579
"421",421,"LENO","LENO_S_T0_P04",80,"15",27.9500535945991,1.23971651296863,29.5528940234791,31.85388,-88.16122,18.1,1386,20
"422",422,"LENO","LENO_S_T0_P21",80,"15",24.6188527021415,1.25084964116707,26.9600059983549,31.85388,-88.16122,18.1,1386,20
"423",423,"LENO","LENO_S_T0_P34",80,"15",28.0943745659387,1.24669357751177,24.1075292010234,31.85388,-88.16122,18.1,1386,20
"424",424,"SERC","SERC_S_T0_P06",80,"15",36.3874244814715,1.27551163655935,28.1114688220563,38.89008,-76.56001,13.6,1075,15
"425",425,"SERC","SERC_S_T0_P24",80,"15",30.3151192005984,1.28667284257382,21.5469650440183,38.89008,-76.56001,13.6,1075,15
"426",426,"SERC","SERC_S_T0_P25",80,"15",26.969059777711,1.24825708595195,25.7480430755316,38.89008,-76.56001,13.6,1075,15
"427",427,"TALL","TALL_S_T0_P05",80,"15",17.9817498658078,1.27864834057729,23.4519621872187,32.95046,-87.39327,17.2,1383,135
"428",428,"TALL","TALL_S_T0_P06",80,"15",18.104644397034,1.2735754687007,24.5093770679362,32.95046,-87.39327,17.2,1383,135
"429",429,"TALL","TALL_S_T0_P28",80,"15",10.5925925925925,1.26902994029775,22.5257016478224,32.95046,-87.39327,17.2,1383,135
"430",430,"TREE","TREE_S_T0_P11",80,"15",47.4620764282708,1.27826394069266,33.7063674260004,45.49369,-89.58571,4.8,797,472
"431",431,"TREE","TREE_S_T0_P31",80,"15",17.852323115481,1.24736823591751,33.2918291359693,45.49369,-89.58571,4.8,797,472
"432",432,"TREE","TREE_S_T0_P35",80,"15",16.5806618716502,1.26558097469729,31.5242342281085,45.49369,-89.58571,4.8,797,472
"433",433,"BART","BART_S_T0_P03",100,"15",67.4084353471774,1.24816436619563,38.2570360807031,44.06388,-71.28731,6.2,1325,232
"434",434,"BART","BART_S_T0_P20",100,"15",49.1469534050179,1.25628229759425,31.4534468314222,44.06388,-71.28731,6.2,1325,232
"435",435,"BART","BART_S_T0_P21",100,"15",54.4092102605534,1.26092080241506,31.9674520150777,44.06388,-71.28731,6.2,1325,232
"436",436,"GRSM","GRSM_S_T0_P03",100,"15",48.0938006037464,1.24728350607814,29.2981609112076,35.68896,-83.50195,13.1,1375,579
"437",437,"GRSM","GRSM_S_T0_P05",100,"15",27.906708897207,1.24437667774848,33.2919077071667,35.68896,-83.50195,13.1,1375,579
"438",438,"GRSM","GRSM_S_T0_P19",100,"15",32.6614198522325,1.24411768651506,31.3347293470877,35.68896,-83.50195,13.1,1375,579
"439",439,"LENO","LENO_S_T0_P04",100,"15",27.9500535945991,1.25939535603672,23.0255553529842,31.85388,-88.16122,18.1,1386,20
"440",440,"LENO","LENO_S_T0_P21",100,"15",24.6188527021415,1.26093781443028,25.8971937635625,31.85388,-88.16122,18.1,1386,20
"441",441,"LENO","LENO_S_T0_P34",100,"15",28.0943745659387,1.25647601695537,19.877109263124,31.85388,-88.16122,18.1,1386,20
"442",442,"SERC","SERC_S_T0_P06",100,"15",36.3874244814715,1.23262336182271,28.0972847059567,38.89008,-76.56001,13.6,1075,15
"443",443,"SERC","SERC_S_T0_P24",100,"15",30.3151192005984,1.2744535640363,21.0342091588963,38.89008,-76.56001,13.6,1075,15
"444",444,"SERC","SERC_S_T0_P25",100,"15",26.969059777711,1.25738716430927,24.7763110807787,38.89008,-76.56001,13.6,1075,15
"445",445,"TALL","TALL_S_T0_P05",100,"15",17.9817498658078,1.24458187581707,19.3682587053706,32.95046,-87.39327,17.2,1383,135
"446",446,"TALL","TALL_S_T0_P06",100,"15",18.104644397034,1.23071728553519,27.5238708851068,32.95046,-87.39327,17.2,1383,135
"447",447,"TALL","TALL_S_T0_P28",100,"15",10.5925925925925,1.29421338793459,26.8018666575617,32.95046,-87.39327,17.2,1383,135
"448",448,"TREE","TREE_S_T0_P11",100,"15",47.4620764282708,1.24683663753656,31.2384562358148,45.49369,-89.58571,4.8,797,472
"449",449,"TREE","TREE_S_T0_P31",100,"15",17.852323115481,1.25398693901113,27.3990836252166,45.49369,-89.58571,4.8,797,472
"450",450,"TREE","TREE_S_T0_P35",100,"15",16.5806618716502,1.25475005817227,35.9393394831986,45.49369,-89.58571,4.8,797,472
"451",451,"BART","BART_S_T0_P03",20,"25",67.4084353471774,1.24630715888731,22.6421062977444,44.06388,-71.28731,6.2,1325,232
"452",452,"BART","BART_S_T0_P20",20,"25",49.1469534050179,1.24638832318636,13.0170879750759,44.06388,-71.28731,6.2,1325,232
"453",453,"BART","BART_S_T0_P21",20,"25",54.4092102605534,1.25229659903381,15.0705974576094,44.06388,-71.28731,6.2,1325,232
"454",454,"GRSM","GRSM_S_T0_P03",20,"25",48.0938006037464,1.24265881911728,15.242140670973,35.68896,-83.50195,13.1,1375,579
"455",455,"GRSM","GRSM_S_T0_P05",20,"25",27.906708897207,1.24219515351049,13.3602281902631,35.68896,-83.50195,13.1,1375,579
"456",456,"GRSM","GRSM_S_T0_P19",20,"25",32.6614198522325,1.2637282694523,16.655341937347,35.68896,-83.50195,13.1,1375,579
"457",457,"LENO","LENO_S_T0_P04",20,"25",27.9500535945991,1.24342239132281,20.1181207983792,31.85388,-88.16122,18.1,1386,20
"458",458,"LENO","LENO_S_T0_P21",20,"25",24.6188527021415,1.25995277596784,16.1001110627871,31.85388,-88.16122,18.1,1386,20
"459",459,"LENO","LENO_S_T0_P34",20,"25",28.0943745659387,1.2425469451707,16.9516973311555,31.85388,-88.16122,18.1,1386,20
"460",460,"SERC","SERC_S_T0_P06",20,"25",36.3874244814715,1.24876197921102,18.2418542582729,38.89008,-76.56001,13.6,1075,15
"461",461,"SERC","SERC_S_T0_P24",20,"25",30.3151192005984,1.25038034015783,19.3405017217675,38.89008,-76.56001,13.6,1075,15
"462",462,"SERC","SERC_S_T0_P25",20,"25",26.969059777711,1.25582755647848,23.5276284876131,38.89008,-76.56001,13.6,1075,15
"463",463,"TALL","TALL_S_T0_P05",20,"25",17.9817498658078,1.25425925818064,21.6259956783057,32.95046,-87.39327,17.2,1383,135
"464",464,"TALL","TALL_S_T0_P06",20,"25",18.104644397034,1.25444931735536,21.1870276354334,32.95046,-87.39327,17.2,1383,135
"465",465,"TALL","TALL_S_T0_P28",20,"25",10.5925925925925,1.26764276935841,23.2694966111739,32.95046,-87.39327,17.2,1383,135
"466",466,"TREE","TREE_S_T0_P11",20,"25",47.4620764282708,1.23710852719566,19.7886399447597,45.49369,-89.58571,4.8,797,472
"467",467,"TREE","TREE_S_T0_P31",20,"25",17.852323115481,1.24473977390181,11.1626290045105,45.49369,-89.58571,4.8,797,472
"468",468,"TREE","TREE_S_T0_P35",20,"25",16.5806618716502,1.2697449742798,22.3251771564134,45.49369,-89.58571,4.8,797,472
"469",469,"BART","BART_S_T0_P03",40,"25",67.4084353471774,1.24376702182487,58.5826247966273,44.06388,-71.28731,6.2,1325,232
"470",470,"BART","BART_S_T0_P20",40,"25",49.1469534050179,1.2524589825236,35.8269657593116,44.06388,-71.28731,6.2,1325,232
"471",471,"BART","BART_S_T0_P21",40,"25",54.4092102605534,1.23899976015872,51.3541807052071,44.06388,-71.28731,6.2,1325,232
"472",472,"GRSM","GRSM_S_T0_P03",40,"25",48.0938006037464,1.2558275769029,46.6780479300621,35.68896,-83.50195,13.1,1375,579
"473",473,"GRSM","GRSM_S_T0_P05",40,"25",27.906708897207,1.26041790378837,50.7561054508765,35.68896,-83.50195,13.1,1375,579
"474",474,"GRSM","GRSM_S_T0_P19",40,"25",32.6614198522325,1.25927883479121,47.3536350455033,35.68896,-83.50195,13.1,1375,579
"475",475,"LENO","LENO_S_T0_P04",40,"25",27.9500535945991,1.24626833419382,53.5525388761423,31.85388,-88.16122,18.1,1386,20
"476",476,"LENO","LENO_S_T0_P21",40,"25",24.6188527021415,1.26010616215298,58.2348094838444,31.85388,-88.16122,18.1,1386,20
"477",477,"LENO","LENO_S_T0_P34",40,"25",28.0943745659387,1.2490234384798,53.2577537745068,31.85388,-88.16122,18.1,1386,20
"478",478,"SERC","SERC_S_T0_P06",40,"25",36.3874244814715,1.28657389910178,56.8820113982338,38.89008,-76.56001,13.6,1075,15
"479",479,"SERC","SERC_S_T0_P24",40,"25",30.3151192005984,1.25043112391157,58.278494162526,38.89008,-76.56001,13.6,1075,15
"480",480,"SERC","SERC_S_T0_P25",40,"25",26.969059777711,1.24068961238759,43.880931716122,38.89008,-76.56001,13.6,1075,15
"481",481,"TALL","TALL_S_T0_P05",40,"25",17.9817498658078,1.25150670311668,40.1062624529773,32.95046,-87.39327,17.2,1383,135
"482",482,"TALL","TALL_S_T0_P06",40,"25",18.104644397034,1.25945104604307,49.9583397358514,32.95046,-87.39327,17.2,1383,135
"483",483,"TALL","TALL_S_T0_P28",40,"25",10.5925925925925,1.25529438830366,42.5551360572488,32.95046,-87.39327,17.2,1383,135
"484",484,"TREE","TREE_S_T0_P11",40,"25",47.4620764282708,1.25615718901192,49.4915550984098,45.49369,-89.58571,4.8,797,472
"485",485,"TREE","TREE_S_T0_P31",40,"25",17.852323115481,1.27561340683756,41.4452999987471,45.49369,-89.58571,4.8,797,472
"486",486,"TREE","TREE_S_T0_P35",40,"25",16.5806618716502,1.26724239413595,47.2184530486165,45.49369,-89.58571,4.8,797,472
"487",487,"BART","BART_S_T0_P03",60,"25",67.4084353471774,1.25088450341545,49.7019448292819,44.06388,-71.28731,6.2,1325,232
"488",488,"BART","BART_S_T0_P20",60,"25",49.1469534050179,1.25282081166774,47.8515020025879,44.06388,-71.28731,6.2,1325,232
"489",489,"BART","BART_S_T0_P21",60,"25",54.4092102605534,1.24646903690986,41.7888129435555,44.06388,-71.28731,6.2,1325,232
"490",490,"GRSM","GRSM_S_T0_P03",60,"25",48.0938006037464,1.25059661340965,45.4080706841742,35.68896,-83.50195,13.1,1375,579
"491",491,"GRSM","GRSM_S_T0_P05",60,"25",27.906708897207,1.25619950969197,50.4935450765422,35.68896,-83.50195,13.1,1375,579
"492",492,"GRSM","GRSM_S_T0_P19",60,"25",32.6614198522325,1.25905067781782,52.1407550220007,35.68896,-83.50195,13.1,1375,579
"493",493,"LENO","LENO_S_T0_P04",60,"25",27.9500535945991,1.24585223802536,54.7532724147728,31.85388,-88.16122,18.1,1386,20
"494",494,"LENO","LENO_S_T0_P21",60,"25",24.6188527021415,1.25999421077152,46.9855752027242,31.85388,-88.16122,18.1,1386,20
"495",495,"LENO","LENO_S_T0_P34",60,"25",28.0943745659387,1.24412164869171,38.7750839262301,31.85388,-88.16122,18.1,1386,20
"496",496,"SERC","SERC_S_T0_P06",60,"25",36.3874244814715,1.24117944875198,45.6094486195158,38.89008,-76.56001,13.6,1075,15
"497",497,"SERC","SERC_S_T0_P24",60,"25",30.3151192005984,1.24767549655429,45.6462380904181,38.89008,-76.56001,13.6,1075,15
"498",498,"SERC","SERC_S_T0_P25",60,"25",26.969059777711,1.25558421589492,44.6510890548634,38.89008,-76.56001,13.6,1075,15
"499",499,"TALL","TALL_S_T0_P05",60,"25",17.9817498658078,1.24816604305584,40.0345230769787,32.95046,-87.39327,17.2,1383,135
"500",500,"TALL","TALL_S_T0_P06",60,"25",18.104644397034,1.27006762176788,47.6246235030617,32.95046,-87.39327,17.2,1383,135
"501",501,"TALL","TALL_S_T0_P28",60,"25",10.5925925925925,1.28598598325979,39.2637323475728,32.95046,-87.39327,17.2,1383,135
"502",502,"TREE","TREE_S_T0_P11",60,"25",47.4620764282708,1.25548493910565,53.2525643024953,45.49369,-89.58571,4.8,797,472
"503",503,"TREE","TREE_S_T0_P31",60,"25",17.852323115481,1.25723521952553,53.9055042918615,45.49369,-89.58571,4.8,797,472
"504",504,"TREE","TREE_S_T0_P35",60,"25",16.5806618716502,1.25850636323472,41.5583697845992,45.49369,-89.58571,4.8,797,472
"505",505,"BART","BART_S_T0_P03",80,"25",67.4084353471774,1.25267503449087,49.3755568411029,44.06388,-71.28731,6.2,1325,232
"506",506,"BART","BART_S_T0_P20",80,"25",49.1469534050179,1.26685489695747,50.4998716487062,44.06388,-71.28731,6.2,1325,232
"507",507,"BART","BART_S_T0_P21",80,"25",54.4092102605534,1.24602053584171,57.4464917190816,44.06388,-71.28731,6.2,1325,232
"508",508,"GRSM","GRSM_S_T0_P03",80,"25",48.0938006037464,1.24317943516472,55.8301342413426,35.68896,-83.50195,13.1,1375,579
"509",509,"GRSM","GRSM_S_T0_P05",80,"25",27.906708897207,1.26249503338511,53.3089961543762,35.68896,-83.50195,13.1,1375,579
"510",510,"GRSM","GRSM_S_T0_P19",80,"25",32.6614198522325,1.24896222991295,59.2640403129704,35.68896,-83.50195,13.1,1375,579
"511",511,"LENO","LENO_S_T0_P04",80,"25",27.9500535945991,1.25463772763711,55.399712335836,31.85388,-88.16122,18.1,1386,20
"512",512,"LENO","LENO_S_T0_P21",80,"25",24.6188527021415,1.24456441686786,50.7308032920563,31.85388,-88.16122,18.1,1386,20
"513",513,"LENO","LENO_S_T0_P34",80,"25",28.0943745659387,1.2563025803442,42.9390002654903,31.85388,-88.16122,18.1,1386,20
"514",514,"SERC","SERC_S_T0_P06",80,"25",36.3874244814715,1.2609103997356,45.461528895781,38.89008,-76.56001,13.6,1075,15
"515",515,"SERC","SERC_S_T0_P24",80,"25",30.3151192005984,1.24380360200657,38.2600170195183,38.89008,-76.56001,13.6,1075,15
"516",516,"SERC","SERC_S_T0_P25",80,"25",26.969059777711,1.26685893675006,44.1551773448387,38.89008,-76.56001,13.6,1075,15
"517",517,"TALL","TALL_S_T0_P05",80,"25",17.9817498658078,1.24270588046952,40.3601526355163,32.95046,-87.39327,17.2,1383,135
"518",518,"TALL","TALL_S_T0_P06",80,"25",18.104644397034,1.25084377765949,39.1907021092125,32.95046,-87.39327,17.2,1383,135
"519",519,"TALL","TALL_S_T0_P28",80,"25",10.5925925925925,1.27004153110961,46.0794636791167,32.95046,-87.39327,17.2,1383,135
"520",520,"TREE","TREE_S_T0_P11",80,"25",47.4620764282708,1.25221010448963,51.4649983857303,45.49369,-89.58571,4.8,797,472
"521",521,"TREE","TREE_S_T0_P31",80,"25",17.852323115481,1.28909599255115,59.1522771962106,45.49369,-89.58571,4.8,797,472
"522",522,"TREE","TREE_S_T0_P35",80,"25",16.5806618716502,1.28864632741542,47.5885401273852,45.49369,-89.58571,4.8,797,472
"523",523,"BART","BART_S_T0_P03",100,"25",67.4084353471774,1.2707522616899,51.4565063177165,44.06388,-71.28731,6.2,1325,232
"524",524,"BART","BART_S_T0_P20",100,"25",49.1469534050179,1.2643923867642,47.7652630401551,44.06388,-71.28731,6.2,1325,232
"525",525,"BART","BART_S_T0_P21",100,"25",54.4092102605534,1.25624787517732,38.1554631916984,44.06388,-71.28731,6.2,1325,232
"526",526,"GRSM","GRSM_S_T0_P03",100,"25",48.0938006037464,1.25065392787778,45.8206881743602,35.68896,-83.50195,13.1,1375,579
"527",527,"GRSM","GRSM_S_T0_P05",100,"25",27.906708897207,1.23858487149831,43.8915377458379,35.68896,-83.50195,13.1,1375,579
"528",528,"GRSM","GRSM_S_T0_P19",100,"25",32.6614198522325,1.25821926299702,46.3909589905312,35.68896,-83.50195,13.1,1375,579
"529",529,"LENO","LENO_S_T0_P04",100,"25",27.9500535945991,1.24780464241285,38.6140476076551,31.85388,-88.16122,18.1,1386,20
"530",530,"LENO","LENO_S_T0_P21",100,"25",24.6188527021415,1.26181117523381,33.2371430284597,31.85388,-88.16122,18.1,1386,20
"531",531,"LENO","LENO_S_T0_P34",100,"25",28.0943745659387,1.25513020579853,44.5563514016919,31.85388,-88.16122,18.1,1386,20
"532",532,"SERC","SERC_S_T0_P06",100,"25",36.3874244814715,1.25236696400194,43.7157874375641,38.89008,-76.56001,13.6,1075,15
"533",533,"SERC","SERC_S_T0_P24",100,"25",30.3151192005984,1.25402427893609,34.7633586220455,38.89008,-76.56001,13.6,1075,15
"534",534,"SERC","SERC_S_T0_P25",100,"25",26.969059777711,1.25030665956358,43.0538107971411,38.89008,-76.56001,13.6,1075,15
"535",535,"TALL","TALL_S_T0_P05",100,"25",17.9817498658078,1.2348920585121,45.1295458628461,32.95046,-87.39327,17.2,1383,135
"536",536,"TALL","TALL_S_T0_P06",100,"25",18.104644397034,1.26116545119791,43.3940332653926,32.95046,-87.39327,17.2,1383,135
"537",537,"TALL","TALL_S_T0_P28",100,"25",10.5925925925925,1.2821063528013,33.9455538378143,32.95046,-87.39327,17.2,1383,135
"538",538,"TREE","TREE_S_T0_P11",100,"25",47.4620764282708,1.25457690126186,39.9359599529546,45.49369,-89.58571,4.8,797,472
"539",539,"TREE","TREE_S_T0_P31",100,"25",17.852323115481,1.24942882239456,46.0684817538043,45.49369,-89.58571,4.8,797,472
"540",540,"TREE","TREE_S_T0_P35",100,"25",16.5806618716502,1.27510654863985,47.446706713219,45.49369,-89.58571,4.8,797,472
"541",541,"BART","BART_S_T0_P17",20,"15",62.1482233502538,1.25505251859577,9.24329490139558,44.06388,-71.28731,6.2,1325,232
"542",542,"BART","BART_S_T0_P30",20,"15",51.0482180293501,1.25019177456931,6.0305271007743,44.06388,-71.28731,6.2,1325,232
"543",543,"BART","BART_S_T0_P32",20,"15",37.6369484370288,1.25202428572544,5.40872125409774,44.06388,-71.28731,6.2,1325,232
"544",544,"GRSM","GRSM_S_T0_P01",20,"15",42.5694611257906,1.24878387736913,11.0923177212893,35.68896,-83.50195,13.1,1375,579
"545",545,"GRSM","GRSM_S_T0_P08",20,"15",43.6525879834337,1.25472307910031,6.71969671444438,35.68896,-83.50195,13.1,1375,579
"546",546,"GRSM","GRSM_S_T0_P18",20,"15",35.1275989573862,1.25816805675646,4.6417002363578,35.68896,-83.50195,13.1,1375,579
"547",547,"LENO","LENO_S_T0_P01",20,"15",27.5737471863523,1.2393225577526,2.33245171238154,31.85388,-88.16122,18.1,1386,20
"548",548,"LENO","LENO_S_T0_P18",20,"15",26.3267263427109,1.24426349960463,2.18616888499064,31.85388,-88.16122,18.1,1386,20
"549",549,"LENO","LENO_S_T0_P19",20,"15",23.518646069074,1.25274338782812,2.82011071035425,31.85388,-88.16122,18.1,1386,20
"550",550,"SERC","SERC_S_T0_P02",20,"15",28.4905889988641,1.24861145351819,3.45685897419411,38.89008,-76.56001,13.6,1075,15
"551",551,"SERC","SERC_S_T0_P21",20,"15",22.7663263340396,1.25280968953325,4.19230234077175,38.89008,-76.56001,13.6,1075,15
"552",552,"SERC","SERC_S_T0_P36",20,"15",28.898562824259,1.2636555897983,3.48215442285377,38.89008,-76.56001,13.6,1075,15
"553",553,"TALL","TALL_S_T0_P10",20,"15",13.1569205253883,1.23956646950586,4.55438373407344,32.95046,-87.39327,17.2,1383,135
"554",554,"TALL","TALL_S_T0_P19",20,"15",10.466337569583,1.24577324574677,4.60045116995629,32.95046,-87.39327,17.2,1383,135
"555",555,"TALL","TALL_S_T0_P31",20,"15",19.7835810571942,1.26110332584428,3.26262906874777,32.95046,-87.39327,17.2,1383,135
"556",556,"TREE","TREE_S_T0_P03",20,"15",54.9020395860544,1.27206222151016,3.85987431436586,45.49369,-89.58571,4.8,797,472
"557",557,"TREE","TREE_S_T0_P08",20,"15",79.3859742245058,1.24059176962096,16.1073075228353,45.49369,-89.58571,4.8,797,472
"558",558,"TREE","TREE_S_T0_P21",20,"15",18.0458204830376,1.25984907167566,3.70177184161272,45.49369,-89.58571,4.8,797,472
"559",559,"BART","BART_S_T0_P17",40,"15",62.1482233502538,1.25883637652455,21.1652512557541,44.06388,-71.28731,6.2,1325,232
"560",560,"BART","BART_S_T0_P30",40,"15",51.0482180293501,1.24849334279218,18.2892899960488,44.06388,-71.28731,6.2,1325,232
"561",561,"BART","BART_S_T0_P32",40,"15",37.6369484370288,1.24276517932948,20.4509810981524,44.06388,-71.28731,6.2,1325,232
"562",562,"GRSM","GRSM_S_T0_P01",40,"15",42.5694611257906,1.25442823763893,22.9920292684165,35.68896,-83.50195,13.1,1375,579
"563",563,"GRSM","GRSM_S_T0_P08",40,"15",43.6525879834337,1.2468025450222,22.2083474176689,35.68896,-83.50195,13.1,1375,579
"564",564,"GRSM","GRSM_S_T0_P18",40,"15",35.1275989573862,1.25930160042705,19.7934457555959,35.68896,-83.50195,13.1,1375,579
"565",565,"LENO","LENO_S_T0_P01",40,"15",27.5737471863523,1.24881748911455,18.6666802184528,31.85388,-88.16122,18.1,1386,20
"566",566,"LENO","LENO_S_T0_P18",40,"15",26.3267263427109,1.24428913055611,18.1582778727079,31.85388,-88.16122,18.1,1386,20
"567",567,"LENO","LENO_S_T0_P19",40,"15",23.518646069074,1.24710917157153,15.2500882853441,31.85388,-88.16122,18.1,1386,20
"568",568,"SERC","SERC_S_T0_P02",40,"15",28.4905889988641,1.28388629808492,17.1585432302032,38.89008,-76.56001,13.6,1075,15
"569",569,"SERC","SERC_S_T0_P21",40,"15",22.7663263340396,1.23838046196175,20.4492330415811,38.89008,-76.56001,13.6,1075,15
"570",570,"SERC","SERC_S_T0_P36",40,"15",28.898562824259,1.27948061717468,21.8409942558747,38.89008,-76.56001,13.6,1075,15
"571",571,"TALL","TALL_S_T0_P10",40,"15",13.1569205253883,1.25767317111687,14.3375747491073,32.95046,-87.39327,17.2,1383,135
"572",572,"TALL","TALL_S_T0_P19",40,"15",10.466337569583,1.26824113803774,19.8628391109678,32.95046,-87.39327,17.2,1383,135
"573",573,"TALL","TALL_S_T0_P31",40,"15",19.7835810571942,1.28362260176752,14.8920532218736,32.95046,-87.39327,17.2,1383,135
"574",574,"TREE","TREE_S_T0_P03",40,"15",54.9020395860544,1.27939584122007,25.4407936344381,45.49369,-89.58571,4.8,797,472
"575",575,"TREE","TREE_S_T0_P08",40,"15",79.3859742245058,1.24871895778872,28.2240611364336,45.49369,-89.58571,4.8,797,472
"576",576,"TREE","TREE_S_T0_P21",40,"15",18.0458204830376,1.23883469196341,14.6662668661399,45.49369,-89.58571,4.8,797,472
"577",577,"BART","BART_S_T0_P17",60,"15",62.1482233502538,1.24957153782908,24.6205593884197,44.06388,-71.28731,6.2,1325,232
"578",578,"BART","BART_S_T0_P30",60,"15",51.0482180293501,1.24990330559904,33.8370238306279,44.06388,-71.28731,6.2,1325,232
"579",579,"BART","BART_S_T0_P32",60,"15",37.6369484370288,1.25072053659555,31.2490830792809,44.06388,-71.28731,6.2,1325,232
"580",580,"GRSM","GRSM_S_T0_P01",60,"15",42.5694611257906,1.25062434626886,33.9524214561572,35.68896,-83.50195,13.1,1375,579
"581",581,"GRSM","GRSM_S_T0_P08",60,"15",43.6525879834337,1.240109090074,31.2487545579522,35.68896,-83.50195,13.1,1375,579
"582",582,"GRSM","GRSM_S_T0_P18",60,"15",35.1275989573862,1.26207617308051,22.6326271546383,35.68896,-83.50195,13.1,1375,579
"583",583,"LENO","LENO_S_T0_P01",60,"15",27.5737471863523,1.25897766506852,26.0933741147118,31.85388,-88.16122,18.1,1386,20
"584",584,"LENO","LENO_S_T0_P18",60,"15",26.3267263427109,1.24157521567754,24.5522535349349,31.85388,-88.16122,18.1,1386,20
"585",585,"LENO","LENO_S_T0_P19",60,"15",23.518646069074,1.24831057740416,27.9979559541928,31.85388,-88.16122,18.1,1386,20
"586",586,"SERC","SERC_S_T0_P02",60,"15",28.4905889988641,1.23275333814054,25.545032274352,38.89008,-76.56001,13.6,1075,15
"587",587,"SERC","SERC_S_T0_P21",60,"15",22.7663263340396,1.2614740789472,27.7205043176256,38.89008,-76.56001,13.6,1075,15
"588",588,"SERC","SERC_S_T0_P36",60,"15",28.898562824259,1.25214027139203,24.1970739177717,38.89008,-76.56001,13.6,1075,15
"589",589,"TALL","TALL_S_T0_P10",60,"15",13.1569205253883,1.25946748987583,21.5222630250639,32.95046,-87.39327,17.2,1383,135
"590",590,"TALL","TALL_S_T0_P19",60,"15",10.466337569583,1.25730534728824,21.3543411286693,32.95046,-87.39327,17.2,1383,135
"591",591,"TALL","TALL_S_T0_P31",60,"15",19.7835810571942,1.25812678221938,21.8024383111495,32.95046,-87.39327,17.2,1383,135
"592",592,"TREE","TREE_S_T0_P03",60,"15",54.9020395860544,1.25246343905423,31.9910462819249,45.49369,-89.58571,4.8,797,472
"593",593,"TREE","TREE_S_T0_P08",60,"15",79.3859742245058,1.24399911767045,33.5105650764792,45.49369,-89.58571,4.8,797,472
"594",594,"TREE","TREE_S_T0_P21",60,"15",18.0458204830376,1.25228073244282,21.3897447696778,45.49369,-89.58571,4.8,797,472
"595",595,"BART","BART_S_T0_P17",80,"15",62.1482233502538,1.25313943759458,30.5837541080729,44.06388,-71.28731,6.2,1325,232
"596",596,"BART","BART_S_T0_P30",80,"15",51.0482180293501,1.24327212995368,32.7598137679175,44.06388,-71.28731,6.2,1325,232
"597",597,"BART","BART_S_T0_P32",80,"15",37.6369484370288,1.25147764550516,31.0600505255221,44.06388,-71.28731,6.2,1325,232
"598",598,"GRSM","GRSM_S_T0_P01",80,"15",42.5694611257906,1.25296283090259,29.9247170458682,35.68896,-83.50195,13.1,1375,579
"599",599,"GRSM","GRSM_S_T0_P08",80,"15",43.6525879834337,1.24901566170267,36.804391934878,35.68896,-83.50195,13.1,1375,579
"600",600,"GRSM","GRSM_S_T0_P18",80,"15",35.1275989573862,1.26328205944783,28.7223918470847,35.68896,-83.50195,13.1,1375,579
"601",601,"LENO","LENO_S_T0_P01",80,"15",27.5737471863523,1.24959383256944,29.5405130579487,31.85388,-88.16122,18.1,1386,20
"602",602,"LENO","LENO_S_T0_P18",80,"15",26.3267263427109,1.24803447126588,24.2830473008901,31.85388,-88.16122,18.1,1386,20
"603",603,"LENO","LENO_S_T0_P19",80,"15",23.518646069074,1.25701958833812,27.2379843236492,31.85388,-88.16122,18.1,1386,20
"604",604,"SERC","SERC_S_T0_P02",80,"15",28.4905889988641,1.24829924399936,25.128590139642,38.89008,-76.56001,13.6,1075,15
"605",605,"SERC","SERC_S_T0_P21",80,"15",22.7663263340396,1.24858338099216,25.291144111517,38.89008,-76.56001,13.6,1075,15
"606",606,"SERC","SERC_S_T0_P36",80,"15",28.898562824259,1.24521620962519,22.283671321293,38.89008,-76.56001,13.6,1075,15
"607",607,"TALL","TALL_S_T0_P10",80,"15",13.1569205253883,1.27233790973197,22.9867644182824,32.95046,-87.39327,17.2,1383,135
"608",608,"TALL","TALL_S_T0_P19",80,"15",10.466337569583,1.28070973683333,16.9299964149682,32.95046,-87.39327,17.2,1383,135
"609",609,"TALL","TALL_S_T0_P31",80,"15",19.7835810571942,1.27577462081,27.214194835131,32.95046,-87.39327,17.2,1383,135
"610",610,"TREE","TREE_S_T0_P03",80,"15",54.9020395860544,1.25543314420008,33.5463140799305,45.49369,-89.58571,4.8,797,472
"611",611,"TREE","TREE_S_T0_P08",80,"15",79.3859742245058,1.26396065531176,35.0736099171684,45.49369,-89.58571,4.8,797,472
"612",612,"TREE","TREE_S_T0_P21",80,"15",18.0458204830376,1.25978008255956,18.164367261485,45.49369,-89.58571,4.8,797,472
"613",613,"BART","BART_S_T0_P17",100,"15",62.1482233502538,1.24692010063904,30.8164405888872,44.06388,-71.28731,6.2,1325,232
"614",614,"BART","BART_S_T0_P30",100,"15",51.0482180293501,1.24834299296523,27.9714187611251,44.06388,-71.28731,6.2,1325,232
"615",615,"BART","BART_S_T0_P32",100,"15",37.6369484370288,1.24930540391417,30.2078472800014,44.06388,-71.28731,6.2,1325,232
"616",616,"GRSM","GRSM_S_T0_P01",100,"15",42.5694611257906,1.24515674169497,30.2185155084377,35.68896,-83.50195,13.1,1375,579
"617",617,"GRSM","GRSM_S_T0_P08",100,"15",43.6525879834337,1.24969318435225,20.7461313225635,35.68896,-83.50195,13.1,1375,579
"618",618,"GRSM","GRSM_S_T0_P18",100,"15",35.1275989573862,1.2498128616482,31.215114333429,35.68896,-83.50195,13.1,1375,579
"619",619,"LENO","LENO_S_T0_P01",100,"15",27.5737471863523,1.25192612284822,26.6221735386686,31.85388,-88.16122,18.1,1386,20
"620",620,"LENO","LENO_S_T0_P18",100,"15",26.3267263427109,1.24665047927003,25.5496546522528,31.85388,-88.16122,18.1,1386,20
"621",621,"LENO","LENO_S_T0_P19",100,"15",23.518646069074,1.24570710326648,23.2259372246404,31.85388,-88.16122,18.1,1386,20
"622",622,"SERC","SERC_S_T0_P02",100,"15",28.4905889988641,1.25882503527772,21.264363724543,38.89008,-76.56001,13.6,1075,15
"623",623,"SERC","SERC_S_T0_P21",100,"15",22.7663263340396,1.27153836341494,27.2478443908788,38.89008,-76.56001,13.6,1075,15
"624",624,"SERC","SERC_S_T0_P36",100,"15",28.898562824259,1.25124790598122,24.8195580267104,38.89008,-76.56001,13.6,1075,15
"625",625,"TALL","TALL_S_T0_P10",100,"15",13.1569205253883,1.3055639369299,26.2584666526332,32.95046,-87.39327,17.2,1383,135
"626",626,"TALL","TALL_S_T0_P19",100,"15",10.466337569583,1.25665432149714,24.6957232178404,32.95046,-87.39327,17.2,1383,135
"627",627,"TALL","TALL_S_T0_P31",100,"15",19.7835810571942,1.26178730425856,30.0658956655414,32.95046,-87.39327,17.2,1383,135
"628",628,"TREE","TREE_S_T0_P03",100,"15",54.9020395860544,1.26164113592154,32.5799397391747,45.49369,-89.58571,4.8,797,472
"629",629,"TREE","TREE_S_T0_P08",100,"15",79.3859742245058,1.24153572186196,33.6490538898946,45.49369,-89.58571,4.8,797,472
"630",630,"TREE","TREE_S_T0_P21",100,"15",18.0458204830376,1.2580982458377,32.3039008074312,45.49369,-89.58571,4.8,797,472
"631",631,"BART","BART_S_T0_P17",20,"25",62.1482233502538,1.25394262038938,20.0692088033739,44.06388,-71.28731,6.2,1325,232
"632",632,"BART","BART_S_T0_P30",20,"25",51.0482180293501,1.24948286187471,20.162822956485,44.06388,-71.28731,6.2,1325,232
"633",633,"BART","BART_S_T0_P32",20,"25",37.6369484370288,1.24744497758099,15.1037972704786,44.06388,-71.28731,6.2,1325,232
"634",634,"GRSM","GRSM_S_T0_P01",20,"25",42.5694611257906,1.240323648271,25.3363438604074,35.68896,-83.50195,13.1,1375,579
"635",635,"GRSM","GRSM_S_T0_P08",20,"25",43.6525879834337,1.25322373884795,17.8636884035724,35.68896,-83.50195,13.1,1375,579
"636",636,"GRSM","GRSM_S_T0_P18",20,"25",35.1275989573862,1.24211226488092,14.3912034866198,35.68896,-83.50195,13.1,1375,579
"637",637,"LENO","LENO_S_T0_P01",20,"25",27.5737471863523,1.25698193129245,28.0218993435655,31.85388,-88.16122,18.1,1386,20
"638",638,"LENO","LENO_S_T0_P18",20,"25",26.3267263427109,1.25600318106762,13.5322447386592,31.85388,-88.16122,18.1,1386,20
"639",639,"LENO","LENO_S_T0_P19",20,"25",23.518646069074,1.24726888958952,12.0668838075522,31.85388,-88.16122,18.1,1386,20
"640",640,"SERC","SERC_S_T0_P02",20,"25",28.4905889988641,1.28004899166065,13.5348249588843,38.89008,-76.56001,13.6,1075,15
"641",641,"SERC","SERC_S_T0_P21",20,"25",22.7663263340396,1.26069969425826,11.4184913396234,38.89008,-76.56001,13.6,1075,15
"642",642,"SERC","SERC_S_T0_P36",20,"25",28.898562824259,1.26652168534822,14.9695156401362,38.89008,-76.56001,13.6,1075,15
"643",643,"TALL","TALL_S_T0_P10",20,"25",13.1569205253883,1.23827501963374,25.0097078615647,32.95046,-87.39327,17.2,1383,135
"644",644,"TALL","TALL_S_T0_P19",20,"25",10.466337569583,1.26284901468055,14.4346366681617,32.95046,-87.39327,17.2,1383,135
"645",645,"TALL","TALL_S_T0_P31",20,"25",19.7835810571942,1.23893734515248,19.4250650957291,32.95046,-87.39327,17.2,1383,135
"646",646,"TREE","TREE_S_T0_P03",20,"25",54.9020395860544,1.26919184948097,22.8214591380091,45.49369,-89.58571,4.8,797,472
"647",647,"TREE","TREE_S_T0_P08",20,"25",79.3859742245058,1.25103635402156,34.9641752407183,45.49369,-89.58571,4.8,797,472
"648",648,"TREE","TREE_S_T0_P21",20,"25",18.0458204830376,1.26710888389676,14.9968889364228,45.49369,-89.58571,4.8,797,472
"649",649,"BART","BART_S_T0_P17",40,"25",62.1482233502538,1.25608434932575,33.053398579922,44.06388,-71.28731,6.2,1325,232
"650",650,"BART","BART_S_T0_P30",40,"25",51.0482180293501,1.24621887574221,37.8679643643888,44.06388,-71.28731,6.2,1325,232
"651",651,"BART","BART_S_T0_P32",40,"25",37.6369484370288,1.25304559436217,41.0861371202896,44.06388,-71.28731,6.2,1325,232
"652",652,"GRSM","GRSM_S_T0_P01",40,"25",42.5694611257906,1.24642964310813,43.409213834486,35.68896,-83.50195,13.1,1375,579
"653",653,"GRSM","GRSM_S_T0_P08",40,"25",43.6525879834337,1.23899199835737,36.9138698573256,35.68896,-83.50195,13.1,1375,579
"654",654,"GRSM","GRSM_S_T0_P18",40,"25",35.1275989573862,1.26000159744727,33.4561056348556,35.68896,-83.50195,13.1,1375,579
"655",655,"LENO","LENO_S_T0_P01",40,"25",27.5737471863523,1.25617908167217,37.7602477811818,31.85388,-88.16122,18.1,1386,20
"656",656,"LENO","LENO_S_T0_P18",40,"25",26.3267263427109,1.25743685384362,39.5114139888776,31.85388,-88.16122,18.1,1386,20
"657",657,"LENO","LENO_S_T0_P19",40,"25",23.518646069074,1.25404330129391,29.838643134226,31.85388,-88.16122,18.1,1386,20
"658",658,"SERC","SERC_S_T0_P02",40,"25",28.4905889988641,1.24590077585615,37.6329145928062,38.89008,-76.56001,13.6,1075,15
"659",659,"SERC","SERC_S_T0_P21",40,"25",22.7663263340396,1.24266569030858,34.6234292101921,38.89008,-76.56001,13.6,1075,15
"660",660,"SERC","SERC_S_T0_P36",40,"25",28.898562824259,1.25247847142669,42.1406087996917,38.89008,-76.56001,13.6,1075,15
"661",661,"TALL","TALL_S_T0_P10",40,"25",13.1569205253883,1.24144195272484,44.9702530411228,32.95046,-87.39327,17.2,1383,135
"662",662,"TALL","TALL_S_T0_P19",40,"25",10.466337569583,1.25352698527857,33.1895003348701,32.95046,-87.39327,17.2,1383,135
"663",663,"TALL","TALL_S_T0_P31",40,"25",19.7835810571942,1.24466642183613,33.7465677766116,32.95046,-87.39327,17.2,1383,135
"664",664,"TREE","TREE_S_T0_P03",40,"25",54.9020395860544,1.2447204809676,41.7068445240548,45.49369,-89.58571,4.8,797,472
"665",665,"TREE","TREE_S_T0_P08",40,"25",79.3859742245058,1.27049197760545,50.7580627262402,45.49369,-89.58571,4.8,797,472
"666",666,"TREE","TREE_S_T0_P21",40,"25",18.0458204830376,1.26931994964635,35.3001005530696,45.49369,-89.58571,4.8,797,472
"667",667,"BART","BART_S_T0_P17",60,"25",62.1482233502538,1.25497395803099,45.6266554425205,44.06388,-71.28731,6.2,1325,232
"668",668,"BART","BART_S_T0_P30",60,"25",51.0482180293501,1.24345395915741,51.8081429098879,44.06388,-71.28731,6.2,1325,232
"669",669,"BART","BART_S_T0_P32",60,"25",37.6369484370288,1.25016214646941,48.6881466831516,44.06388,-71.28731,6.2,1325,232
"670",670,"GRSM","GRSM_S_T0_P01",60,"25",42.5694611257906,1.24356721145609,45.6030615472377,35.68896,-83.50195,13.1,1375,579
"671",671,"GRSM","GRSM_S_T0_P08",60,"25",43.6525879834337,1.24742236655439,46.2487484837012,35.68896,-83.50195,13.1,1375,579
"672",672,"GRSM","GRSM_S_T0_P18",60,"25",35.1275989573862,1.25771797354955,32.613444251563,35.68896,-83.50195,13.1,1375,579
"673",673,"LENO","LENO_S_T0_P01",60,"25",27.5737471863523,1.25809591788809,47.7144384958308,31.85388,-88.16122,18.1,1386,20
"674",674,"LENO","LENO_S_T0_P18",60,"25",26.3267263427109,1.24607583920253,38.1256607594779,31.85388,-88.16122,18.1,1386,20
"675",675,"LENO","LENO_S_T0_P19",60,"25",23.518646069074,1.24651029225827,41.8678750855293,31.85388,-88.16122,18.1,1386,20
"676",676,"SERC","SERC_S_T0_P02",60,"25",28.4905889988641,1.24350504745888,46.2664251240832,38.89008,-76.56001,13.6,1075,15
"677",677,"SERC","SERC_S_T0_P21",60,"25",22.7663263340396,1.25495478478994,47.4941378617627,38.89008,-76.56001,13.6,1075,15
"678",678,"SERC","SERC_S_T0_P36",60,"25",28.898562824259,1.2472565666266,41.9202911963741,38.89008,-76.56001,13.6,1075,15
"679",679,"TALL","TALL_S_T0_P10",60,"25",13.1569205253883,1.24771265174841,45.5382946289011,32.95046,-87.39327,17.2,1383,135
"680",680,"TALL","TALL_S_T0_P19",60,"25",10.466337569583,1.29855487349785,39.8156138979747,32.95046,-87.39327,17.2,1383,135
"681",681,"TALL","TALL_S_T0_P31",60,"25",19.7835810571942,1.26673234396069,48.2101322444637,32.95046,-87.39327,17.2,1383,135
"682",682,"TREE","TREE_S_T0_P03",60,"25",54.9020395860544,1.24526529853639,47.3463813366797,45.49369,-89.58571,4.8,797,472
"683",683,"TREE","TREE_S_T0_P08",60,"25",79.3859742245058,1.25449784841327,62.9842396429413,45.49369,-89.58571,4.8,797,472
"684",684,"TREE","TREE_S_T0_P21",60,"25",18.0458204830376,1.25788942350324,34.2286329537396,45.49369,-89.58571,4.8,797,472
"685",685,"BART","BART_S_T0_P17",80,"25",62.1482233502538,1.24797165490008,45.7850865836392,44.06388,-71.28731,6.2,1325,232
"686",686,"BART","BART_S_T0_P30",80,"25",51.0482180293501,1.24821276545168,42.866608298666,44.06388,-71.28731,6.2,1325,232
"687",687,"BART","BART_S_T0_P32",80,"25",37.6369484370288,1.24577665889401,49.5473764366687,44.06388,-71.28731,6.2,1325,232
"688",688,"GRSM","GRSM_S_T0_P01",80,"25",42.5694611257906,1.2457861202331,48.719213164988,35.68896,-83.50195,13.1,1375,579
"689",689,"GRSM","GRSM_S_T0_P08",80,"25",43.6525879834337,1.24353439512524,50.1781680996849,35.68896,-83.50195,13.1,1375,579
"690",690,"GRSM","GRSM_S_T0_P18",80,"25",35.1275989573862,1.248608316481,34.0090182011565,35.68896,-83.50195,13.1,1375,579
"691",691,"LENO","LENO_S_T0_P01",80,"25",27.5737471863523,1.23752468881293,47.6236481569803,31.85388,-88.16122,18.1,1386,20
"692",692,"LENO","LENO_S_T0_P18",80,"25",26.3267263427109,1.24488068224428,48.1292502170957,31.85388,-88.16122,18.1,1386,20
"693",693,"LENO","LENO_S_T0_P19",80,"25",23.518646069074,1.25591074348164,44.6852937036019,31.85388,-88.16122,18.1,1386,20
"694",694,"SERC","SERC_S_T0_P02",80,"25",28.4905889988641,1.25570446681102,48.697516117525,38.89008,-76.56001,13.6,1075,15
"695",695,"SERC","SERC_S_T0_P21",80,"25",22.7663263340396,1.2473753295809,43.3468600323549,38.89008,-76.56001,13.6,1075,15
"696",696,"SERC","SERC_S_T0_P36",80,"25",28.898562824259,1.26543176556902,39.5845011476242,38.89008,-76.56001,13.6,1075,15
"697",697,"TALL","TALL_S_T0_P10",80,"25",13.1569205253883,1.25674378651766,46.6869408680488,32.95046,-87.39327,17.2,1383,135
"698",698,"TALL","TALL_S_T0_P19",80,"25",10.466337569583,1.25261316161073,42.2966915980025,32.95046,-87.39327,17.2,1383,135
"699",699,"TALL","TALL_S_T0_P31",80,"25",19.7835810571942,1.26114193589201,43.6327693383665,32.95046,-87.39327,17.2,1383,135
"700",700,"TREE","TREE_S_T0_P03",80,"25",54.9020395860544,1.28477929041443,46.6318130020057,45.49369,-89.58571,4.8,797,472
"701",701,"TREE","TREE_S_T0_P08",80,"25",79.3859742245058,1.23842041242039,58.7669598697131,45.49369,-89.58571,4.8,797,472
"702",702,"TREE","TREE_S_T0_P21",80,"25",18.0458204830376,1.25835707343967,40.586534079906,45.49369,-89.58571,4.8,797,472
"703",703,"BART","BART_S_T0_P17",100,"25",62.1482233502538,1.25089244881342,43.8114552374477,44.06388,-71.28731,6.2,1325,232
"704",704,"BART","BART_S_T0_P30",100,"25",51.0482180293501,1.24918041498029,53.187055687292,44.06388,-71.28731,6.2,1325,232
"705",705,"BART","BART_S_T0_P32",100,"25",37.6369484370288,1.24318837813878,50.9384188819807,44.06388,-71.28731,6.2,1325,232
"706",706,"GRSM","GRSM_S_T0_P01",100,"25",42.5694611257906,1.24695081490413,47.5471181123643,35.68896,-83.50195,13.1,1375,579
"707",707,"GRSM","GRSM_S_T0_P08",100,"25",43.6525879834337,1.25715210949121,47.3457431361513,35.68896,-83.50195,13.1,1375,579
"708",708,"GRSM","GRSM_S_T0_P18",100,"25",35.1275989573862,1.25819155407865,42.1778090854893,35.68896,-83.50195,13.1,1375,579
"709",709,"LENO","LENO_S_T0_P01",100,"25",27.5737471863523,1.24885046658729,45.3971433191951,31.85388,-88.16122,18.1,1386,20
"710",710,"LENO","LENO_S_T0_P18",100,"25",26.3267263427109,1.25429997644269,46.2194699425838,31.85388,-88.16122,18.1,1386,20
"711",711,"LENO","LENO_S_T0_P19",100,"25",23.518646069074,1.25368345990556,43.8134636242765,31.85388,-88.16122,18.1,1386,20
"712",712,"SERC","SERC_S_T0_P02",100,"25",28.4905889988641,1.27308618522699,44.5227080407215,38.89008,-76.56001,13.6,1075,15
"713",713,"SERC","SERC_S_T0_P21",100,"25",22.7663263340396,1.23893693046207,44.6453108452949,38.89008,-76.56001,13.6,1075,15
"714",714,"SERC","SERC_S_T0_P36",100,"25",28.898562824259,1.24895308590925,40.6382801170207,38.89008,-76.56001,13.6,1075,15
"715",715,"TALL","TALL_S_T0_P10",100,"25",13.1569205253883,1.24848156757423,45.1854773780756,32.95046,-87.39327,17.2,1383,135
"716",716,"TALL","TALL_S_T0_P19",100,"25",10.466337569583,1.25853817609495,29.6909259298217,32.95046,-87.39327,17.2,1383,135
"717",717,"TALL","TALL_S_T0_P31",100,"25",19.7835810571942,1.26972467845057,42.2885567901024,32.95046,-87.39327,17.2,1383,135
"718",718,"TREE","TREE_S_T0_P03",100,"25",54.9020395860544,1.24599544716638,46.382935158803,45.49369,-89.58571,4.8,797,472
"719",719,"TREE","TREE_S_T0_P08",100,"25",79.3859742245058,1.24473178601141,43.2531933983182,45.49369,-89.58571,4.8,797,472
"720",720,"TREE","TREE_S_T0_P21",100,"25",18.0458204830376,1.2457227009841,45.1950983038707,45.49369,-89.58571,4.8,797,472
